Student ID,Gender,Age,Parent Education Level,Hours Studied Per Week,Sleep Hours Per Night,Extracurricular Activities,Math Score,Science Score,English Score,Overall GPA,Absence Rate,Technology Access,Study Group Participation,Sleep Hours Per Night_outlier,Math Score_outlier,Science Score_outlier,English Score_outlier,Overall GPA_outlier
1001,Female,15,High School,4.6,6.9,6.0,53,74,83,2.8,0.2,Yes,Yes,False,False,False,False,False
1002,Male,18,Some College,14.5,7.8,4.6,100,100,94,3.9,2.0,Yes,Yes,False,False,False,False,False
1003,Male,16,Bachelor's,8.9,7.6,7.4,94,100,91,3.8,0.6,Yes,Yes,False,False,False,False,False
1004,Female,18,Some College,11.3,6.9,6.4,100,79,60,3.2,8.7,Yes,Yes,False,False,False,False,False
1005,Female,16,Graduate,13.6,5.9,5.4,79,100,100,3.7,1.5,Yes,No,False,False,False,False,False
1006,Female,15,Some College,8.9,7.0,7.6,74,71,81,3.0,1.8,No,No,False,False,False,False,False
1007,Male,16,High School,7.9,6.4,6.9,62,79,77,2.9,8.4,Yes,Yes,False,False,False,False,False
1008,Male,16,Some College,13.6,5.8,8.5,67,76,76,2.9,4.5,No,No,False,False,False,False,False
1009,Female,18,Bachelor's,6.7,6.8,8.7,32,82,80,2.6,4.9,No,Yes,False,True,False,False,False
1010,Female,15,High School,11.5,5.9,5.0,86,50,71,2.8,6.0,Yes,No,False,False,False,False,False
1011,Male,16,Graduate,8.0,6.7,8.7,72,87,93,3.4,1.8,Yes,Yes,False,False,False,False,False
1012,Female,17,High School,10.0,8.3,8.8,75,96,96,3.6,1.5,Yes,No,False,False,False,False,False
1013,Female,18,Graduate,8.0,6.6,7.8,59,96,97,3.4,2.5,Yes,Yes,False,False,False,False,False
1014,Male,16,Graduate,13.3,8.0,9.2,71,95,96,3.5,3.1,Yes,No,False,False,False,False,False
1015,Male,18,Some College,14.4,6.7,4.7,100,77,86,3.5,2.4,Yes,No,False,False,False,False,False
1016,Female,18,Bachelor's,10.0,6.4,7.5,86,78,92,3.4,1.0,Yes,Yes,False,False,False,False,False
1017,Female,17,Bachelor's,10.0,6.2,2.2,92,95,71,3.4,0.2,Yes,Yes,False,False,False,False,False
1018,Male,15,Graduate,10.1,8.1,15.8,100,93,100,3.9,3.8,Yes,No,False,False,False,False,False
1019,Female,16,Bachelor's,8.7,6.4,3.6,99,62,82,3.2,1.8,No,Yes,False,False,False,False,False
1020,Female,18,Bachelor's,6.9,8.3,6.6,73,78,69,2.9,3.2,Yes,Yes,False,False,False,False,False
1021,Female,15,Some College,10.3,5.8,5.2,60,65,91,2.9,4.4,Yes,No,False,False,False,False,False
1022,Female,17,Bachelor's,4.2,5.4,1.6,78,55,90,3.0,6.4,Yes,No,False,False,False,False,False
1023,Female,17,High School,8.6,7.0,7.9,100,68,87,3.4,9.2,Yes,Yes,False,False,False,False,False
1024,Female,16,Graduate,12.6,7.0,8.2,53,56,99,2.8,0.3,Yes,No,False,False,False,False,False
1025,Female,17,Bachelor's,11.5,6.1,3.6,88,80,75,3.2,2.3,Yes,Yes,False,False,False,False,False
1026,Male,16,Bachelor's,7.9,7.1,4.0,84,86,96,3.5,3.7,Yes,Yes,False,False,False,False,False
1027,Female,16,Bachelor's,9.4,7.2,8.6,66,78,68,2.8,5.2,No,Yes,False,False,False,False,False
1028,Male,17,High School,10.7,8.2,10.0,76,100,68,3.3,7.5,Yes,Yes,False,False,False,False,False
1029,Female,17,Graduate,10.0,5.6,4.6,100,100,100,4.0,1.7,Yes,Yes,False,False,False,False,False
1030,Male,16,Some College,16.2,7.5,9.6,87,82,93,3.5,1.7,Yes,No,False,False,False,False,False
1031,Female,16,Some College,13.9,7.2,6.6,100,85,85,3.6,10.2,Yes,Yes,False,False,False,False,False
1032,Male,18,Some College,4.5,8.5,4.4,71,70,76,2.9,3.6,Yes,No,False,False,False,False,False
1033,Female,16,Bachelor's,15.6,8.6,6.0,95,90,90,3.7,3.2,Yes,Yes,False,False,False,False,False
1034,Female,16,Bachelor's,15.2,8.0,10.7,99,60,100,3.5,6.4,Yes,No,False,False,False,False,False
1035,Male,16,High School,10.4,8.7,5.7,87,78,85,3.3,3.4,Yes,Yes,False,False,False,False,False
1036,Male,16,High School,10.9,7.4,9.7,76,49,83,2.8,5.5,Yes,No,False,False,False,False,False
1037,Female,17,Bachelor's,15.9,6.8,3.0,99,70,100,3.6,2.2,Yes,No,False,False,False,False,False
1038,Female,16,High School,10.0,7.1,8.1,65,93,70,3.0,9.7,Yes,Yes,False,False,False,False,False
1039,Male,18,Some College,10.0,5.9,4.4,66,60,45,2.3,0.6,Yes,No,False,False,False,True,False
1040,Female,15,Bachelor's,20.3,6.8,9.3,100,98,100,4.0,1.3,Yes,No,False,False,False,False,False
1041,Male,16,Graduate,9.0,6.3,1.1,98,81,88,3.6,3.8,Yes,Yes,False,False,False,False,False
1042,Female,18,High School,10.2,5.6,7.9,54,66,86,2.7,2.6,Yes,Yes,False,False,False,False,False
1043,Female,15,Bachelor's,15.2,7.5,3.9,88,71,98,3.4,1.5,Yes,No,False,False,False,False,False
1044,Male,15,Bachelor's,13.6,7.2,3.7,92,88,95,3.7,1.2,Yes,No,False,False,False,False,False
1045,Female,17,Bachelor's,10.0,6.5,4.5,85,57,75,2.9,2.7,Yes,No,False,False,False,False,False
1046,Female,15,High School,5.4,5.8,5.6,82,71,80,3.1,3.1,Yes,Yes,False,False,False,False,False
1047,Male,15,High School,11.5,7.7,10.4,83,72,64,2.9,8.9,Yes,No,False,False,False,False,False
1048,Male,17,High School,11.0,6.5,2.5,59,92,100,3.3,1.4,Yes,No,False,False,False,False,False
1049,Female,15,Bachelor's,9.9,5.8,7.9,100,82,79,3.5,4.1,Yes,Yes,False,False,False,False,False
1050,Female,15,Graduate,14.7,6.9,9.7,100,86,83,3.6,4.0,Yes,Yes,False,False,False,False,False
1051,Male,16,High School,9.1,6.3,6.8,54,99,89,3.2,4.9,Yes,No,False,False,False,False,False
1052,Female,16,Some College,13.3,8.7,8.0,92,78,80,3.3,2.0,Yes,No,False,False,False,False,False
1053,Male,17,Bachelor's,6.4,6.7,13.3,66,72,69,2.8,2.4,Yes,Yes,False,False,False,False,False
1054,Male,17,Some College,12.7,8.5,4.7,96,68,100,3.5,1.1,No,Yes,False,False,False,False,False
1055,Female,16,Graduate,6.8,6.1,6.0,100,100,90,3.9,2.4,Yes,Yes,False,False,False,False,False
1056,Female,16,High School,7.1,7.3,3.2,73,67,75,2.9,0.4,Yes,Yes,False,False,False,False,False
1057,Male,17,High School,8.7,7.1,6.5,75,61,87,3.0,7.2,Yes,Yes,False,False,False,False,False
1058,Female,15,Bachelor's,9.4,7.9,13.3,79,84,68,3.1,1.3,No,No,False,False,False,False,False
1059,Female,16,Graduate,10.0,7.2,0.5,100,81,91,3.6,5.1,Yes,Yes,False,False,False,False,False
1060,Male,18,Some College,4.0,8.6,1.3,64,72,62,2.6,4.8,Yes,No,False,False,False,False,False
1061,Male,15,Bachelor's,10.0,6.4,10.2,75,84,100,3.5,2.6,Yes,Yes,False,False,False,False,False
1062,Female,18,Bachelor's,13.1,6.4,2.6,89,70,91,3.3,3.6,Yes,No,False,False,False,False,False
1063,Female,17,High School,14.2,6.3,7.6,94,87,74,3.4,4.3,Yes,No,False,False,False,False,False
1064,Male,17,Bachelor's,13.4,7.4,4.8,86,82,94,3.5,3.5,Yes,No,False,False,False,False,False
1065,Male,17,Bachelor's,7.0,6.4,4.6,68,79,89,3.1,2.6,Yes,No,False,False,False,False,False
1066,Female,16,Some College,14.6,6.2,5.8,96,93,75,3.5,7.1,Yes,Yes,False,False,False,False,False
1067,Female,15,Some College,5.6,7.4,3.3,86,76,69,3.1,3.6,Yes,Yes,False,False,False,False,False
1068,Female,15,Graduate,11.8,8.2,0.4,74,100,72,3.3,8.4,Yes,No,False,False,False,False,False
1069,Female,15,Bachelor's,13.9,7.3,4.9,98,78,95,3.6,2.5,No,Yes,False,False,False,False,False
1070,Male,17,Bachelor's,12.4,6.3,4.5,55,72,79,2.7,6.1,No,No,False,False,False,False,False
1071,Female,17,High School,6.2,6.9,2.7,46,71,80,2.6,5.5,Yes,No,False,False,False,False,False
1072,Male,17,High School,13.7,7.0,3.4,84,90,88,3.5,16.3,Yes,Yes,False,False,False,False,False
1073,Female,18,Graduate,10.4,7.1,9.4,74,66,80,2.9,7.2,Yes,No,False,False,False,False,False
1074,Male,18,Graduate,13.5,7.4,4.8,88,77,98,3.5,1.3,Yes,Yes,False,False,False,False,False
1075,Female,17,Some College,7.3,6.3,6.9,80,79,68,3.0,7.7,Yes,Yes,False,False,False,False,False
1076,Female,15,Some College,5.0,7.1,6.1,58,54,86,2.6,4.1,Yes,Yes,False,False,False,False,False
1077,Female,17,Some College,16.4,5.8,1.9,100,63,100,3.5,6.2,Yes,No,False,False,False,False,False
1078,Male,15,Some College,10.5,5.9,6.9,73,87,92,3.4,7.9,Yes,Yes,False,False,False,False,False
1079,Male,15,Some College,11.1,6.8,6.0,100,73,89,3.5,2.5,Yes,Yes,False,False,False,False,False
1080,Male,15,Graduate,11.1,8.4,5.5,70,77,72,2.9,9.1,Yes,No,False,False,False,False,False
1081,Female,15,High School,5.7,7.5,8.3,74,83,67,3.0,19.0,Yes,No,False,False,False,False,False
1082,Male,16,Bachelor's,11.2,7.1,6.1,79,98,83,3.5,1.9,Yes,No,False,False,False,False,False
1083,Female,16,High School,8.6,7.0,0.0,73,80,85,3.2,5.6,Yes,No,False,False,False,False,False
1084,Female,17,Bachelor's,7.1,7.0,8.2,81,100,67,3.3,3.1,Yes,Yes,False,False,False,False,False
1085,Female,16,Bachelor's,15.2,7.5,6.3,92,100,91,3.8,1.9,No,Yes,False,False,False,False,False
1086,Male,15,Graduate,10.0,8.1,7.8,99,62,74,3.1,1.4,Yes,Yes,False,False,False,False,False
1087,Female,15,Some College,12.6,8.3,2.7,79,86,99,3.5,1.5,Yes,No,False,False,False,False,False
1088,Male,15,High School,8.5,6.2,6.5,56,49,72,2.4,2.4,Yes,No,False,False,False,False,False
1089,Female,18,Some College,7.3,6.3,5.4,76,66,85,3.0,1.8,Yes,No,False,False,False,False,False
1090,Male,17,Bachelor's,8.7,6.1,3.8,67,82,75,3.0,1.2,Yes,Yes,False,False,False,False,False
1091,Female,17,Graduate,9.3,5.8,8.6,90,70,100,3.5,0.9,Yes,Yes,False,False,False,False,False
1092,Female,18,Bachelor's,11.1,8.5,7.3,94,78,100,3.6,0.3,Yes,Yes,False,False,False,False,False
1093,Female,17,Some College,7.5,7.0,2.5,65,58,76,2.7,6.5,Yes,No,False,False,False,False,False
1094,Male,17,Bachelor's,11.1,6.5,13.4,75,64,84,3.0,5.2,Yes,Yes,False,False,False,False,False
1095,Female,16,Bachelor's,7.6,7.1,7.4,57,95,86,3.2,5.2,Yes,Yes,False,False,False,False,False
1096,Male,15,Bachelor's,10.1,6.8,8.8,83,73,67,3.0,9.4,Yes,Yes,False,False,False,False,False
1097,Female,16,Bachelor's,10.0,7.6,6.2,79,95,71,3.3,0.7,Yes,No,False,False,False,False,False
1098,Male,17,Bachelor's,9.6,7.6,6.7,100,76,77,3.4,0.8,Yes,Yes,False,False,False,False,False
1099,Male,17,High School,5.5,8.4,6.5,66,95,56,2.9,2.3,Yes,No,False,False,False,False,False
1100,Male,15,Bachelor's,14.5,7.4,6.2,85,53,82,2.9,4.7,Yes,No,False,False,False,False,False
1101,Male,15,Bachelor's,9.8,7.4,2.6,69,89,79,3.2,6.5,Yes,No,False,False,False,False,False
1102,Male,16,High School,10.0,8.8,5.5,64,86,48,2.6,1.4,Yes,Yes,False,False,False,False,False
1103,Female,15,Some College,8.9,6.0,6.7,94,63,61,2.9,5.1,Yes,No,False,False,False,False,False
1104,Female,17,Some College,10.2,6.6,10.6,60,83,100,3.2,2.9,Yes,No,False,False,False,False,False
1105,Female,15,High School,10.1,6.5,6.5,69,75,94,3.2,3.1,Yes,No,False,False,False,False,False
1106,Male,17,Bachelor's,6.2,7.3,7.4,95,78,85,3.4,1.3,Yes,No,False,False,False,False,False
1107,Female,15,Bachelor's,8.7,7.1,4.6,83,71,88,3.2,2.0,Yes,No,False,False,False,False,False
1108,Male,16,Some College,14.1,7.7,4.5,79,77,93,3.3,9.0,No,Yes,False,False,False,False,False
1109,Male,16,Bachelor's,10.0,5.8,7.2,84,85,80,3.3,2.8,No,No,False,False,False,False,False
1110,Male,17,Bachelor's,11.3,6.1,10.3,94,86,76,3.4,8.9,Yes,Yes,False,False,False,False,False
1111,Male,15,High School,13.5,5.9,11.2,67,70,59,2.6,9.8,Yes,No,False,False,False,False,False
1112,Male,15,High School,8.5,5.6,7.7,75,70,85,3.1,2.2,Yes,Yes,False,False,False,False,False
1113,Female,16,High School,9.1,5.7,5.4,86,70,71,3.0,3.3,Yes,Yes,False,False,False,False,False
1114,Male,15,Graduate,10.4,7.8,5.1,82,69,89,3.2,9.5,Yes,No,False,False,False,False,False
1115,Male,17,Bachelor's,5.4,5.6,11.3,82,78,78,3.2,2.0,Yes,Yes,False,False,False,False,False
1116,Female,16,High School,10.0,8.8,9.8,96,61,71,3.0,1.6,Yes,No,False,False,False,False,False
1117,Female,16,Some College,7.6,9.2,2.7,89,93,93,3.7,2.2,Yes,Yes,False,False,False,False,False
1118,Male,15,Some College,13.9,7.1,11.4,91,76,72,3.2,7.1,No,Yes,False,False,False,False,False
1119,Female,17,Some College,8.1,8.4,4.5,55,90,75,2.9,2.4,Yes,Yes,False,False,False,False,False
1120,Male,15,High School,8.4,7.3,4.8,65,65,78,2.8,2.8,No,Yes,False,False,False,False,False
1121,Female,17,Bachelor's,9.1,6.6,8.2,91,61,95,3.3,15.3,Yes,Yes,False,False,False,False,False
1122,Male,16,High School,8.3,7.4,5.5,88,79,68,3.1,2.8,Yes,Yes,False,False,False,False,False
1123,Female,15,High School,5.3,6.6,4.6,67,58,63,2.5,5.7,Yes,No,False,False,False,False,False
1124,Female,17,Graduate,13.4,6.3,3.6,62,93,87,3.2,1.7,Yes,Yes,False,False,False,False,False
1125,Male,18,Bachelor's,11.4,5.6,11.2,91,81,100,3.6,0.3,Yes,No,False,False,False,False,False
1126,Male,16,Bachelor's,11.3,6.7,11.2,84,86,96,3.5,5.7,Yes,Yes,False,False,False,False,False
1127,Male,18,Bachelor's,12.5,8.0,7.5,100,71,84,3.4,6.7,Yes,No,False,False,False,False,False
1128,Male,16,Bachelor's,10.2,7.8,3.4,100,56,81,3.2,2.8,Yes,No,False,False,False,False,False
1129,Male,16,High School,13.4,9.6,10.0,97,75,93,3.5,1.8,Yes,No,False,False,False,False,False
1130,Male,16,Bachelor's,12.8,7.0,1.1,91,64,95,3.3,0.6,Yes,Yes,False,False,False,False,False
1131,Male,17,High School,12.4,7.5,4.5,76,95,51,3.0,1.7,No,Yes,False,False,False,False,False
1132,Male,17,High School,12.9,7.0,8.6,87,88,91,3.5,3.0,Yes,Yes,False,False,False,False,False
1133,Female,17,Some College,12.5,7.2,3.5,74,83,93,3.3,0.6,Yes,No,False,False,False,False,False
1134,Male,15,Bachelor's,11.0,7.1,4.4,83,57,72,2.8,1.1,Yes,No,False,False,False,False,False
1135,Female,15,Some College,9.2,6.1,4.1,100,66,89,3.4,6.2,Yes,Yes,False,False,False,False,False
1136,Male,17,Bachelor's,9.5,5.9,9.3,93,86,59,3.2,2.1,Yes,Yes,False,False,False,False,False
1137,Female,17,Graduate,5.7,5.7,3.5,96,95,64,3.4,5.8,Yes,Yes,False,False,False,False,False
1138,Male,15,Bachelor's,10.9,5.5,5.3,67,82,81,3.1,7.8,Yes,No,False,False,False,False,False
1139,Female,16,Some College,11.1,4.8,0.8,75,100,69,3.3,4.9,Yes,No,False,False,False,False,False
1140,Female,15,Some College,10.2,8.1,8.6,84,59,97,3.2,4.0,No,No,False,False,False,False,False
1141,Female,16,Graduate,14.4,6.5,2.5,100,69,86,3.4,6.1,Yes,No,False,False,False,False,False
1142,Female,17,Some College,6.9,7.4,14.0,39,89,82,2.8,2.4,Yes,No,False,False,False,False,False
1143,Male,17,High School,11.8,7.9,13.3,65,96,75,3.1,0.3,Yes,No,False,False,False,False,False
1144,Female,17,Graduate,13.0,7.2,9.4,68,83,92,3.2,3.4,Yes,Yes,False,False,False,False,False
1145,Male,16,Bachelor's,7.9,7.6,6.6,94,73,63,3.1,3.3,Yes,Yes,False,False,False,False,False
1146,Male,16,Some College,4.1,7.5,7.5,91,71,57,2.9,3.5,No,Yes,False,False,False,False,False
1147,Female,18,High School,10.0,6.9,10.0,61,71,83,2.9,2.0,Yes,No,False,False,False,False,False
1148,Male,15,Bachelor's,10.5,8.1,4.9,100,79,85,3.5,1.4,Yes,Yes,False,False,False,False,False
1149,Female,15,Bachelor's,11.9,7.2,9.6,64,97,82,3.2,4.1,Yes,No,False,False,False,False,False
1150,Male,15,Bachelor's,9.6,7.8,0.4,59,98,81,3.2,2.5,Yes,Yes,False,False,False,False,False
1151,Male,16,High School,8.3,6.3,5.7,68,57,61,2.5,2.2,Yes,Yes,False,False,False,False,False
1152,Male,16,High School,10.7,8.6,8.2,46,84,80,2.8,3.1,Yes,No,False,False,False,False,False
1153,Female,17,High School,10.1,7.0,5.9,71,67,77,2.9,6.6,Yes,No,False,False,False,False,False
1154,Male,16,High School,11.2,8.2,10.3,50,76,86,2.8,1.4,Yes,No,False,False,False,False,False
1155,Male,15,Some College,11.3,8.9,5.9,86,85,84,3.4,2.2,No,Yes,False,False,False,False,False
1156,Female,15,Bachelor's,11.2,7.8,8.5,98,91,93,3.8,3.6,Yes,Yes,False,False,False,False,False
1157,Male,16,Graduate,10.0,5.7,6.0,89,100,94,3.8,2.9,Yes,Yes,False,False,False,False,False
1158,Female,17,Some College,11.8,7.4,5.8,97,97,60,3.4,8.6,Yes,Yes,False,False,False,False,False
1159,Female,17,Some College,9.2,6.8,9.8,69,76,84,3.1,2.5,Yes,No,False,False,False,False,False
1160,Female,17,Bachelor's,9.1,6.2,6.9,91,100,71,3.5,3.0,Yes,Yes,False,False,False,False,False
1161,Female,17,Graduate,14.6,5.5,7.1,84,84,99,3.6,1.1,Yes,No,False,False,False,False,False
1162,Male,18,High School,10.7,7.2,7.3,100,94,77,3.6,0.9,No,No,False,False,False,False,False
1163,Male,16,Graduate,10.1,6.5,10.2,54,88,80,3.0,2.1,Yes,Yes,False,False,False,False,False
1164,Female,17,Bachelor's,12.5,5.5,3.3,76,100,75,3.3,0.8,Yes,Yes,False,False,False,False,False
1165,Female,16,Bachelor's,11.9,7.2,3.3,72,87,83,3.2,6.5,No,Yes,False,False,False,False,False
1166,Male,15,Some College,8.4,6.2,2.7,79,85,83,3.3,3.2,Yes,No,False,False,False,False,False
1167,Male,17,Some College,8.7,7.0,7.1,72,80,94,3.3,2.4,Yes,Yes,False,False,False,False,False
1168,Female,16,Bachelor's,12.4,6.2,4.5,85,68,76,3.1,7.1,No,No,False,False,False,False,False
1169,Male,15,High School,10.3,7.5,0.9,94,70,82,3.3,5.9,Yes,Yes,False,False,False,False,False
1170,Female,16,High School,1.0,5.6,7.6,70,59,70,2.7,3.5,Yes,Yes,False,False,False,False,False
1171,Male,17,Bachelor's,10.0,7.0,4.6,64,77,79,2.9,7.3,Yes,Yes,False,False,False,False,False
1172,Male,16,Bachelor's,11.3,7.9,3.7,93,67,67,3.0,1.7,Yes,No,False,False,False,False,False
1173,Female,16,High School,9.9,6.7,1.8,48,69,56,2.3,8.1,No,Yes,False,False,False,False,False
1174,Female,16,Some College,10.7,7.0,8.4,60,80,80,2.9,0.7,Yes,Yes,False,False,False,False,False
1175,Male,15,High School,4.5,8.7,12.1,87,47,68,2.7,3.5,Yes,Yes,False,False,False,False,False
1176,Male,16,Bachelor's,3.1,7.1,4.6,82,52,81,2.9,3.1,Yes,Yes,False,False,False,False,False
1177,Female,16,Bachelor's,5.8,7.7,3.0,57,100,81,3.2,2.2,Yes,Yes,False,False,False,False,False
1178,Female,16,Some College,14.8,6.2,2.8,85,83,90,3.4,7.5,Yes,No,False,False,False,False,False
1179,Male,16,Bachelor's,12.4,6.7,4.9,100,69,82,3.3,5.2,Yes,No,False,False,False,False,False
1180,Female,16,Graduate,9.6,6.5,11.3,71,100,84,3.4,2.9,Yes,No,False,False,False,False,False
1181,Male,16,Graduate,14.4,7.8,6.7,100,95,100,3.9,11.9,Yes,No,False,False,False,False,False
1182,Female,15,Bachelor's,10.0,7.1,8.0,84,85,78,3.3,1.3,Yes,Yes,False,False,False,False,False
1183,Male,15,Some College,11.6,7.2,1.9,88,75,74,3.2,0.5,No,No,False,False,False,False,False
1184,Female,16,High School,7.5,7.7,2.4,80,78,76,3.1,1.4,Yes,Yes,False,False,False,False,False
1185,Female,15,High School,4.7,5.6,11.3,98,61,42,2.7,4.3,Yes,Yes,False,False,False,True,False
1186,Female,15,High School,10.2,6.1,6.8,100,100,83,3.8,1.5,Yes,Yes,False,False,False,False,False
1187,Male,18,Bachelor's,10.8,8.0,4.2,90,96,92,3.7,1.4,No,Yes,False,False,False,False,False
1188,Female,18,Some College,15.7,4.4,5.2,69,64,79,2.8,7.8,Yes,Yes,True,False,False,False,False
1189,Male,16,Bachelor's,7.7,7.0,1.6,73,62,77,2.8,17.4,No,Yes,False,False,False,False,False
1190,Male,16,High School,9.5,6.7,9.1,87,94,74,3.4,0.7,Yes,Yes,False,False,False,False,False
1191,Female,17,Some College,10.7,6.7,5.7,86,81,93,3.5,8.3,Yes,Yes,False,False,False,False,False
1192,Male,16,High School,11.6,6.9,7.3,65,74,70,2.8,4.1,Yes,Yes,False,False,False,False,False
1193,Female,18,Some College,11.0,5.1,1.8,83,66,76,3.0,0.2,Yes,Yes,False,False,False,False,False
1194,Male,16,High School,10.7,7.5,6.8,100,91,77,3.6,6.1,Yes,Yes,False,False,False,False,False
1195,Female,15,Some College,15.9,6.5,2.1,95,62,81,3.2,4.2,Yes,Yes,False,False,False,False,False
1196,Female,17,Graduate,9.7,7.3,9.9,63,84,83,3.1,5.2,No,Yes,False,False,False,False,False
1197,Male,17,High School,14.4,7.0,3.9,98,85,73,3.4,5.3,Yes,Yes,False,False,False,False,False
1198,Male,17,Graduate,14.3,9.0,2.1,81,99,100,3.7,4.3,Yes,No,False,False,False,False,False
1199,Female,16,Graduate,14.1,8.2,7.5,70,89,74,3.1,1.9,Yes,No,False,False,False,False,False
1200,Female,18,Some College,5.3,7.8,7.0,89,87,85,3.5,1.0,Yes,Yes,False,False,False,False,False
1201,Female,16,Some College,8.9,6.4,3.5,78,71,56,2.7,2.3,Yes,No,False,False,False,False,False
1202,Male,16,High School,9.5,5.7,7.2,96,73,96,3.5,6.0,No,No,False,False,False,False,False
1203,Male,15,Bachelor's,14.1,8.1,4.2,100,100,100,4.0,8.6,Yes,Yes,False,False,False,False,False
1204,Male,16,Some College,10.6,6.1,6.3,76,100,76,3.4,9.4,Yes,Yes,False,False,False,False,False
1205,Female,16,High School,10.9,7.2,5.6,86,84,79,3.3,1.1,No,No,False,False,False,False,False
1206,Female,15,High School,6.1,7.2,3.8,92,94,90,3.7,1.3,Yes,Yes,False,False,False,False,False
1207,Male,17,Bachelor's,4.8,5.5,4.5,72,84,67,3.0,1.5,Yes,Yes,False,False,False,False,False
1208,Male,15,Bachelor's,9.9,5.0,4.9,91,68,86,3.3,2.8,Yes,Yes,False,False,False,False,False
1209,Female,16,Some College,9.0,7.4,7.1,77,73,95,3.3,2.5,Yes,No,False,False,False,False,False
1210,Male,16,Some College,12.1,7.0,8.7,64,87,66,2.9,1.4,No,Yes,False,False,False,False,False
1211,Male,15,Some College,6.8,5.6,5.1,55,60,80,2.6,7.2,Yes,No,False,False,False,False,False
1212,Male,15,Some College,6.0,7.1,5.8,94,77,99,3.6,2.7,Yes,No,False,False,False,False,False
1213,Male,17,Bachelor's,12.9,6.1,6.7,85,79,100,3.5,1.3,Yes,No,False,False,False,False,False
1214,Female,17,Graduate,7.6,10.1,2.1,88,87,77,3.4,3.5,No,No,True,False,False,False,False
1215,Male,16,High School,11.8,7.2,8.4,85,81,100,3.5,3.4,Yes,No,False,False,False,False,False
1216,Female,15,Graduate,13.2,8.2,4.6,100,68,100,3.6,3.0,Yes,No,False,False,False,False,False
1217,Female,16,High School,12.6,5.1,5.9,86,87,88,3.5,6.1,Yes,Yes,False,False,False,False,False
1218,Female,15,High School,11.5,7.0,1.2,75,86,63,3.0,9.1,Yes,No,False,False,False,False,False
1219,Female,16,Graduate,10.5,9.1,5.0,70,95,67,3.1,10.8,Yes,Yes,False,False,False,False,False
1220,Female,15,High School,3.9,6.3,7.2,73,29,70,2.3,1.7,No,No,False,False,True,False,False
1221,Female,16,High School,8.5,5.9,6.3,95,66,97,3.4,1.6,Yes,No,False,False,False,False,False
1222,Male,16,Some College,10.0,7.0,8.8,76,86,89,3.3,1.1,No,Yes,False,False,False,False,False
1223,Male,16,Some College,12.4,6.9,9.1,54,99,73,3.0,8.6,Yes,Yes,False,False,False,False,False
1224,Female,18,High School,13.6,8.0,10.5,77,100,87,3.5,3.7,Yes,Yes,False,False,False,False,False
1225,Male,17,Bachelor's,9.7,6.0,5.9,100,71,94,3.5,8.6,Yes,No,False,False,False,False,False
1226,Female,15,Graduate,9.1,7.4,7.3,74,77,82,3.1,6.7,No,Yes,False,False,False,False,False
1227,Male,16,Graduate,20.1,7.5,2.3,97,94,100,3.9,6.7,Yes,Yes,False,False,False,False,False
1228,Female,17,Graduate,9.8,6.1,5.8,84,82,80,3.3,5.6,Yes,No,False,False,False,False,False
1229,Male,18,Bachelor's,9.3,6.3,9.2,81,93,75,3.3,0.7,Yes,Yes,False,False,False,False,False
1230,Female,17,High School,13.0,6.6,2.3,68,78,85,3.1,2.5,Yes,Yes,False,False,False,False,False
1231,Male,16,Some College,13.7,6.9,1.8,100,100,90,3.9,3.2,Yes,Yes,False,False,False,False,False
1232,Male,17,Some College,10.4,5.6,3.6,78,93,76,3.3,2.8,No,Yes,False,False,False,False,False
1233,Female,16,Graduate,12.2,8.4,1.5,79,85,76,3.2,4.6,Yes,Yes,False,False,False,False,False
1234,Male,16,Some College,12.5,7.0,9.3,100,80,89,3.6,1.3,No,Yes,False,False,False,False,False
1235,Female,17,Some College,15.1,7.4,8.5,51,77,79,2.8,2.4,No,Yes,False,False,False,False,False
1236,Female,15,High School,12.8,8.8,9.1,56,80,84,2.9,1.5,Yes,No,False,False,False,False,False
1237,Female,17,Some College,10.4,5.8,5.8,67,100,92,3.5,2.0,Yes,Yes,False,False,False,False,False
1238,Female,17,High School,10.0,7.0,4.6,99,67,75,3.2,4.0,Yes,Yes,False,False,False,False,False
1239,Male,17,High School,8.2,8.5,3.4,79,69,48,2.6,1.7,Yes,Yes,False,False,False,False,False
1240,Male,15,Graduate,10.0,6.7,6.8,100,86,98,3.8,0.9,Yes,No,False,False,False,False,False
1241,Male,18,Some College,6.4,6.6,3.9,100,55,76,3.1,8.6,Yes,Yes,False,False,False,False,False
1242,Female,16,Some College,5.1,6.1,4.1,52,100,82,3.1,5.9,Yes,Yes,False,False,False,False,False
1243,Female,16,Graduate,5.8,6.7,5.8,86,58,79,3.0,6.8,Yes,No,False,False,False,False,False
1244,Female,17,Some College,9.1,6.6,6.9,100,94,94,3.8,1.1,Yes,Yes,False,False,False,False,False
1245,Female,16,Bachelor's,15.3,7.0,4.3,100,100,100,4.0,3.1,Yes,Yes,False,False,False,False,False
1246,Female,16,Some College,12.1,6.6,9.8,83,100,65,3.3,1.1,Yes,Yes,False,False,False,False,False
1247,Male,17,Some College,2.7,5.3,6.3,58,58,90,2.7,4.8,No,No,False,False,False,False,False
1248,Male,18,Some College,12.6,7.3,5.2,55,74,65,2.6,0.9,Yes,No,False,False,False,False,False
1249,Female,16,Bachelor's,9.5,4.5,6.5,80,65,54,2.7,5.8,No,No,False,False,False,False,False
1250,Female,15,Graduate,4.6,8.2,6.9,83,71,87,3.2,4.9,Yes,Yes,False,False,False,False,False
1251,Male,15,High School,14.3,7.3,9.4,78,98,100,3.7,0.4,Yes,No,False,False,False,False,False
1252,Female,18,Bachelor's,12.0,5.7,0.0,78,93,100,3.6,12.6,Yes,Yes,False,False,False,False,False
1253,Female,17,Graduate,9.7,7.7,8.8,100,96,94,3.9,3.2,Yes,Yes,False,False,False,False,False
1254,Male,16,Graduate,17.2,8.5,5.6,79,85,100,3.5,6.5,Yes,Yes,False,False,False,False,False
1255,Male,15,Some College,12.0,6.8,7.4,72,65,83,2.9,1.4,Yes,No,False,False,False,False,False
1256,Female,16,Bachelor's,9.8,6.0,9.8,95,80,93,3.6,0.7,Yes,Yes,False,False,False,False,False
1257,Male,16,Graduate,10.7,7.1,3.2,84,100,98,3.8,7.8,Yes,No,False,False,False,False,False
1258,Male,18,Bachelor's,14.0,7.0,1.8,75,85,100,3.5,1.6,Yes,No,False,False,False,False,False
1259,Female,17,Graduate,10.3,7.0,8.9,78,100,62,3.2,7.1,No,Yes,False,False,False,False,False
1260,Male,15,Bachelor's,9.0,8.3,8.2,90,96,68,3.4,3.4,Yes,No,False,False,False,False,False
1261,Male,17,Bachelor's,10.1,6.9,13.0,92,83,79,3.4,2.0,Yes,Yes,False,False,False,False,False
1262,Female,16,High School,6.5,6.3,9.7,69,57,48,2.3,4.7,Yes,Yes,False,False,False,False,False
1263,Female,15,Bachelor's,8.0,6.2,8.3,96,52,99,3.3,1.2,Yes,Yes,False,False,False,False,False
1264,Male,16,Bachelor's,11.0,8.3,7.6,82,97,95,3.7,3.4,Yes,Yes,False,False,False,False,False
1265,Male,16,Some College,4.0,6.7,2.4,95,73,65,3.1,3.9,Yes,No,False,False,False,False,False
1266,Female,16,Bachelor's,10.3,6.7,9.5,76,76,73,3.0,10.5,Yes,Yes,False,False,False,False,False
1267,Female,18,Bachelor's,13.4,7.3,7.0,68,70,83,2.9,9.9,Yes,Yes,False,False,False,False,False
1268,Male,17,High School,8.1,6.7,4.6,88,90,92,3.6,3.6,Yes,Yes,False,False,False,False,False
1269,Female,17,Graduate,4.5,6.4,7.3,82,71,86,3.2,4.0,Yes,No,False,False,False,False,False
1270,Male,17,High School,12.3,7.9,4.6,93,97,100,3.9,0.8,Yes,No,False,False,False,False,False
1271,Female,16,Some College,12.1,7.6,5.7,88,93,84,3.5,2.5,Yes,No,False,False,False,False,False
1272,Female,15,Graduate,8.8,7.2,6.6,100,70,91,3.5,0.7,Yes,Yes,False,False,False,False,False
1273,Female,16,Graduate,13.2,7.1,0.8,100,100,83,3.8,4.8,Yes,Yes,False,False,False,False,False
1274,Female,17,High School,9.8,7.1,5.3,77,54,72,2.7,1.3,Yes,No,False,False,False,False,False
1275,Female,15,High School,9.5,7.3,6.4,65,75,59,2.7,0.7,No,Yes,False,False,False,False,False
1276,Female,16,High School,4.0,7.3,8.8,81,78,69,3.0,3.6,Yes,No,False,False,False,False,False
1277,Female,16,High School,8.8,8.9,7.8,91,56,60,2.8,4.8,Yes,Yes,False,False,False,False,False
1278,Male,18,High School,5.5,6.5,5.5,73,87,68,3.0,1.1,Yes,Yes,False,False,False,False,False
1279,Male,16,Some College,5.6,6.7,4.6,86,45,77,2.8,7.6,Yes,Yes,False,False,False,False,False
1280,Male,16,Some College,9.4,7.4,8.1,77,82,93,3.4,4.4,No,Yes,False,False,False,False,False
1281,Male,16,Bachelor's,9.8,6.7,6.9,84,77,68,3.1,2.3,Yes,No,False,False,False,False,False
1282,Male,17,Some College,5.0,6.5,4.8,81,85,88,3.4,10.1,Yes,Yes,False,False,False,False,False
1283,Female,17,Some College,2.8,5.4,5.6,57,88,50,2.6,2.5,Yes,Yes,False,False,False,False,False
1284,Male,16,Graduate,11.3,7.9,6.7,96,95,91,3.8,2.2,Yes,Yes,False,False,False,False,False
1285,Female,15,Bachelor's,10.2,5.7,10.0,96,71,95,3.5,2.3,Yes,Yes,False,False,False,False,False
1286,Male,15,Some College,14.3,6.5,6.7,89,96,85,3.6,1.2,Yes,Yes,False,False,False,False,False
1287,Male,17,Graduate,13.7,7.5,0.0,100,80,95,3.7,3.0,Yes,Yes,False,False,False,False,False
1288,Female,17,High School,7.1,7.3,8.7,66,45,59,2.3,5.5,Yes,No,False,False,False,False,False
1289,Male,16,Bachelor's,6.7,4.2,3.4,68,77,78,3.0,1.8,No,No,True,False,False,False,False
1290,Male,17,Bachelor's,7.9,7.3,4.9,58,50,93,2.7,7.3,Yes,No,False,False,False,False,False
1291,Male,15,High School,7.2,7.0,7.7,75,78,83,3.1,2.1,Yes,No,False,False,False,False,False
1292,Female,18,Graduate,11.9,6.5,6.7,97,87,100,3.8,1.0,Yes,Yes,False,False,False,False,False
1293,Female,17,Bachelor's,10.1,6.5,8.2,76,100,81,3.4,4.5,Yes,Yes,False,False,False,False,False
1294,Male,17,Some College,11.1,6.2,5.3,63,76,94,3.1,5.6,No,Yes,False,False,False,False,False
1295,Male,15,High School,7.7,8.7,5.2,84,75,82,3.2,3.1,Yes,Yes,False,False,False,False,False
1296,Female,17,Bachelor's,12.1,6.6,7.3,82,76,98,3.4,3.3,Yes,No,False,False,False,False,False
1297,Female,16,High School,7.6,8.4,3.5,80,55,68,2.7,1.1,Yes,Yes,False,False,False,False,False
1298,Female,16,High School,8.5,7.0,5.5,52,71,67,2.5,3.4,Yes,No,False,False,False,False,False
1299,Female,17,Some College,10.0,6.1,5.5,94,100,97,3.9,2.4,Yes,Yes,False,False,False,False,False
1300,Male,18,Bachelor's,7.6,7.2,2.9,100,68,74,3.2,2.1,Yes,Yes,False,False,False,False,False
1301,Female,17,Some College,9.5,8.1,5.9,87,69,84,3.2,1.0,Yes,Yes,False,False,False,False,False
1302,Male,16,High School,11.1,7.9,5.2,100,97,75,3.6,3.3,Yes,Yes,False,False,False,False,False
1303,Female,16,Graduate,7.9,6.0,4.0,100,72,80,3.4,3.2,Yes,Yes,False,False,False,False,False
1304,Male,17,Bachelor's,9.3,6.2,1.6,100,73,96,3.6,2.7,Yes,Yes,False,False,False,False,False
1305,Female,16,Some College,15.8,8.7,2.4,81,100,85,3.5,5.6,Yes,No,False,False,False,False,False
1306,Female,16,High School,12.7,7.7,1.9,100,80,83,3.5,1.7,Yes,Yes,False,False,False,False,False
1307,Male,17,Bachelor's,12.9,7.6,4.4,83,87,69,3.2,1.0,Yes,Yes,False,False,False,False,False
1308,Male,16,Bachelor's,17.4,5.7,6.6,100,95,90,3.8,0.9,Yes,Yes,False,False,False,False,False
1309,Male,15,Some College,12.3,6.6,6.8,76,68,94,3.2,3.9,Yes,No,False,False,False,False,False
1310,Female,17,High School,12.1,7.3,7.2,99,94,100,3.9,4.2,Yes,No,False,False,False,False,False
1311,Male,16,Graduate,11.3,5.8,0.2,95,99,88,3.8,7.2,Yes,No,False,False,False,False,False
1312,Male,15,Graduate,8.6,7.6,4.7,100,70,83,3.4,2.7,Yes,No,False,False,False,False,False
1313,Male,15,Bachelor's,10.1,8.4,5.4,88,62,80,3.1,3.6,Yes,No,False,False,False,False,False
1314,Male,17,Graduate,6.2,6.4,5.8,59,68,85,2.8,5.2,Yes,No,False,False,False,False,False
1315,Female,18,Graduate,8.7,7.1,6.0,98,94,94,3.8,3.5,Yes,Yes,False,False,False,False,False
1316,Male,17,Bachelor's,6.3,6.4,2.0,87,100,85,3.6,3.0,Yes,Yes,False,False,False,False,False
1317,Female,17,Graduate,12.0,7.5,1.1,86,100,92,3.7,1.9,Yes,Yes,False,False,False,False,False
1318,Male,18,Bachelor's,10.0,5.2,8.6,94,98,89,3.7,7.2,Yes,Yes,False,False,False,False,False
1319,Female,15,Some College,15.4,7.1,4.8,72,85,100,3.4,9.1,Yes,Yes,False,False,False,False,False
1320,Male,15,Bachelor's,8.7,7.0,8.7,68,87,81,3.1,2.1,Yes,No,False,False,False,False,False
1321,Female,16,Bachelor's,14.5,8.8,7.2,93,92,96,3.7,2.3,Yes,Yes,False,False,False,False,False
1322,Female,17,Some College,10.4,7.3,6.2,100,65,69,3.1,1.3,Yes,Yes,False,False,False,False,False
1323,Female,15,Graduate,10.0,7.0,6.5,97,94,100,3.9,2.8,Yes,Yes,False,False,False,False,False
1324,Female,16,High School,3.8,7.2,0.9,58,42,69,2.3,2.1,Yes,Yes,False,False,False,False,False
1325,Male,17,Graduate,11.3,8.5,5.5,100,69,86,3.4,2.3,Yes,Yes,False,False,False,False,False
1326,Male,18,Some College,3.9,8.1,13.7,75,81,85,3.2,2.8,No,Yes,False,False,False,False,False
1327,Female,17,Some College,10.1,6.2,7.4,90,92,70,3.4,11.3,Yes,Yes,False,False,False,False,False
1328,Male,15,Bachelor's,10.5,8.4,8.3,74,95,90,3.5,7.3,Yes,No,False,False,False,False,False
1329,Female,17,Bachelor's,14.1,7.5,5.0,79,98,85,3.5,1.9,Yes,Yes,False,False,False,False,False
1330,Male,18,Bachelor's,9.5,6.4,8.5,78,80,85,3.2,1.3,Yes,No,False,False,False,False,False
1331,Male,16,High School,9.5,5.8,3.3,78,90,71,3.2,1.8,Yes,Yes,False,False,False,False,False
1332,Male,17,Bachelor's,11.6,8.3,8.9,89,67,96,3.4,2.4,Yes,Yes,False,False,False,False,False
1333,Male,16,High School,12.1,8.8,7.3,73,97,87,3.4,0.7,Yes,No,False,False,False,False,False
1334,Male,16,Some College,10.1,6.4,5.4,66,73,91,3.1,2.7,Yes,No,False,False,False,False,False
1335,Female,16,Bachelor's,7.6,5.4,7.0,55,63,87,2.7,1.7,Yes,No,False,False,False,False,False
1336,Female,18,Graduate,13.7,5.0,7.2,63,100,96,3.5,6.3,No,Yes,False,False,False,False,False
1337,Female,16,Bachelor's,9.3,6.3,5.2,88,62,86,3.1,0.7,Yes,Yes,False,False,False,False,False
1338,Female,18,High School,14.2,7.0,4.0,78,91,93,3.5,5.2,Yes,No,False,False,False,False,False
1339,Female,16,Graduate,19.1,7.5,4.2,100,100,92,3.9,4.8,Yes,Yes,False,False,False,False,False
1340,Male,17,Some College,8.0,6.0,6.8,67,70,78,2.9,9.2,Yes,Yes,False,False,False,False,False
1341,Female,17,Bachelor's,6.9,7.0,3.2,60,76,68,2.7,6.4,Yes,No,False,False,False,False,False
1342,Male,16,Some College,12.0,5.6,7.0,94,65,96,3.4,5.3,No,No,False,False,False,False,False
1343,Female,17,High School,10.4,5.2,8.5,100,83,69,3.4,8.5,Yes,Yes,False,False,False,False,False
1344,Female,16,High School,9.1,7.6,1.7,79,68,78,3.0,4.8,Yes,No,False,False,False,False,False
1345,Female,17,High School,6.5,6.6,0.0,71,90,84,3.3,0.9,No,Yes,False,False,False,False,False
1346,Male,15,High School,11.9,4.9,7.5,74,97,75,3.3,7.6,Yes,No,False,False,False,False,False
1347,Female,18,Some College,10.0,8.7,2.1,69,89,80,3.2,5.6,Yes,No,False,False,False,False,False
1348,Female,15,High School,4.5,5.9,0.4,82,73,57,2.8,4.6,Yes,Yes,False,False,False,False,False
1349,Female,15,Some College,8.1,8.6,7.2,70,57,71,2.6,1.5,No,Yes,False,False,False,False,False
1350,Female,18,Bachelor's,13.4,8.6,2.2,80,98,86,3.5,5.2,Yes,No,False,False,False,False,False
1351,Female,17,High School,14.2,7.5,3.6,84,52,77,2.8,2.2,Yes,Yes,False,False,False,False,False
1352,Male,17,High School,13.1,5.5,4.0,84,100,89,3.6,7.3,Yes,Yes,False,False,False,False,False
1353,Female,16,High School,9.4,6.9,13.3,79,67,77,3.0,3.8,Yes,Yes,False,False,False,False,False
1354,Male,17,Some College,1.0,6.8,7.3,74,50,54,2.4,6.0,Yes,Yes,False,False,False,False,False
1355,Female,16,Bachelor's,7.3,6.9,7.6,83,76,87,3.3,2.6,No,No,False,False,False,False,False
1356,Female,16,High School,9.8,7.0,4.5,61,72,65,2.6,2.8,No,Yes,False,False,False,False,False
1357,Male,17,High School,14.1,8.0,5.3,90,93,74,3.4,1.6,Yes,Yes,False,False,False,False,False
1358,Female,17,Some College,7.1,7.6,7.0,80,75,64,2.9,3.3,Yes,Yes,False,False,False,False,False
1359,Male,16,High School,7.5,6.7,8.7,66,83,58,2.8,9.6,Yes,No,False,False,False,False,False
1360,Female,16,Graduate,5.6,8.2,6.2,78,80,100,3.4,1.8,Yes,No,False,False,False,False,False
1361,Female,15,Bachelor's,7.7,6.8,3.8,52,100,85,3.2,5.6,Yes,Yes,False,False,False,False,False
1362,Female,15,High School,10.0,7.0,5.1,57,77,78,2.8,4.5,Yes,No,False,False,False,False,False
1363,Male,15,High School,10.1,6.2,0.7,97,71,73,3.2,2.4,Yes,Yes,False,False,False,False,False
1364,Male,15,High School,18.5,6.6,1.3,100,100,100,4.0,5.3,Yes,Yes,False,False,False,False,False
1365,Male,17,High School,10.1,8.6,5.2,70,92,68,3.1,1.3,Yes,Yes,False,False,False,False,False
1366,Male,17,Graduate,10.5,7.1,10.8,100,91,77,3.6,9.0,No,Yes,False,False,False,False,False
1367,Male,15,Some College,8.6,8.7,9.0,92,100,61,3.4,3.2,Yes,No,False,False,False,False,False
1368,Male,17,Some College,6.9,6.0,3.9,95,50,64,2.8,5.2,Yes,Yes,False,False,False,False,False
1369,Male,16,High School,9.2,7.1,9.6,84,66,55,2.7,12.2,Yes,Yes,False,False,False,False,False
1370,Male,18,High School,12.0,5.8,4.2,62,91,99,3.4,2.3,Yes,No,False,False,False,False,False
1371,Female,15,Graduate,11.7,7.5,5.6,90,73,64,3.0,7.1,Yes,Yes,False,False,False,False,False
1372,Female,16,Some College,8.9,6.6,2.3,87,88,53,3.0,2.8,Yes,No,False,False,False,False,False
1373,Male,16,Bachelor's,9.8,6.3,5.8,71,100,85,3.4,1.2,Yes,No,False,False,False,False,False
1374,Female,16,High School,6.2,6.2,2.1,95,38,77,2.8,4.0,Yes,No,False,False,True,False,False
1375,Male,17,High School,3.7,5.7,5.0,42,55,67,2.2,2.4,Yes,No,False,False,False,False,True
1376,Male,15,Graduate,11.9,7.0,2.7,91,78,83,3.4,2.3,Yes,No,False,False,False,False,False
1377,Male,15,High School,10.5,6.9,7.2,72,69,84,3.0,4.8,Yes,Yes,False,False,False,False,False
1378,Female,16,High School,10.9,5.3,2.7,87,72,78,3.2,4.6,Yes,No,False,False,False,False,False
1379,Female,16,High School,10.1,7.2,5.1,100,100,76,3.7,2.4,Yes,Yes,False,False,False,False,False
1380,Female,17,Bachelor's,10.0,7.9,5.8,89,72,81,3.2,3.5,Yes,Yes,False,False,False,False,False
1381,Female,17,Bachelor's,11.3,8.6,6.9,100,53,86,3.2,2.4,No,Yes,False,False,False,False,False
1382,Female,16,Bachelor's,6.5,5.5,13.0,84,76,59,2.9,4.0,Yes,Yes,False,False,False,False,False
1383,Male,17,Some College,11.7,7.7,4.3,100,73,92,3.5,4.2,Yes,No,False,False,False,False,False
1384,Male,17,Some College,9.5,9.0,8.5,73,76,92,3.2,10.4,Yes,No,False,False,False,False,False
1385,Male,18,Some College,7.9,6.5,2.2,87,90,76,3.4,0.9,Yes,No,False,False,False,False,False
1386,Female,16,Bachelor's,10.7,7.5,2.1,77,73,69,2.9,2.7,No,No,False,False,False,False,False
1387,Male,17,High School,4.8,8.5,2.2,80,46,61,2.5,4.5,No,No,False,False,False,False,False
1388,Female,16,High School,10.0,7.4,11.0,73,54,82,2.8,2.5,No,Yes,False,False,False,False,False
1389,Male,17,Bachelor's,11.3,7.9,10.5,85,71,83,3.2,3.5,Yes,Yes,False,False,False,False,False
1390,Male,17,Graduate,13.5,7.0,3.8,80,92,81,3.4,4.0,Yes,No,False,False,False,False,False
1391,Male,17,Graduate,12.0,7.1,6.0,92,78,96,3.5,3.0,Yes,No,False,False,False,False,False
1392,Female,17,Some College,10.0,6.4,3.0,92,98,73,3.5,0.8,Yes,Yes,False,False,False,False,False
1393,Male,17,Graduate,13.9,5.4,4.6,97,74,100,3.6,11.3,Yes,Yes,False,False,False,False,False
1394,Female,16,High School,7.6,6.1,4.6,84,95,93,3.6,1.3,Yes,Yes,False,False,False,False,False
1395,Male,16,Some College,4.9,7.8,9.1,80,83,83,3.3,5.4,Yes,Yes,False,False,False,False,False
1396,Male,15,Bachelor's,10.0,7.4,4.3,100,72,88,3.5,1.0,Yes,Yes,False,False,False,False,False
1397,Male,16,Bachelor's,8.8,6.1,4.6,86,92,94,3.6,4.8,Yes,No,False,False,False,False,False
1398,Male,17,Some College,7.1,7.1,9.8,53,74,49,2.3,2.4,Yes,No,False,False,False,False,False
1399,Male,16,Bachelor's,7.4,8.0,6.3,93,79,89,3.5,1.3,Yes,Yes,False,False,False,False,False
1400,Female,15,High School,8.4,7.4,3.3,63,82,67,2.8,14.0,Yes,No,False,False,False,False,False
1401,Female,15,Bachelor's,8.6,6.5,5.9,44,81,87,2.8,3.5,Yes,No,False,False,False,False,False
1402,Male,16,Some College,13.2,8.0,4.9,70,88,76,3.1,1.3,Yes,No,False,False,False,False,False
1403,Male,18,Graduate,11.0,7.0,7.0,100,100,100,4.0,1.2,Yes,Yes,False,False,False,False,False
1404,Male,16,Graduate,6.9,8.8,6.1,84,98,60,3.2,8.7,Yes,No,False,False,False,False,False
1405,Female,15,Bachelor's,11.2,9.0,1.0,78,82,79,3.2,5.5,Yes,Yes,False,False,False,False,False
1406,Male,16,High School,9.6,6.5,7.8,95,79,79,3.4,1.2,Yes,No,False,False,False,False,False
1407,Female,17,Some College,9.4,7.1,4.2,79,54,64,2.6,2.7,Yes,Yes,False,False,False,False,False
1408,Female,15,High School,10.9,7.6,6.8,81,69,83,3.1,2.0,No,Yes,False,False,False,False,False
1409,Male,17,Graduate,9.0,6.6,4.2,88,89,100,3.7,3.3,Yes,No,False,False,False,False,False
1410,Male,17,Bachelor's,6.0,7.0,4.5,62,77,80,2.9,4.0,Yes,Yes,False,False,False,False,False
1411,Male,16,Graduate,9.3,7.3,3.5,99,72,89,3.5,7.0,Yes,No,False,False,False,False,False
1412,Male,16,Some College,7.4,8.3,6.3,86,88,85,3.5,3.5,Yes,Yes,False,False,False,False,False
1413,Male,17,Some College,12.8,6.4,6.3,78,67,69,2.9,6.8,Yes,Yes,False,False,False,False,False
1414,Female,18,Bachelor's,12.1,6.8,9.6,64,89,71,3.0,1.5,Yes,Yes,False,False,False,False,False
1415,Female,18,High School,10.6,6.8,6.9,50,74,89,2.8,2.7,Yes,Yes,False,False,False,False,False
1416,Female,18,Bachelor's,9.8,7.6,8.8,86,89,83,3.4,4.6,Yes,Yes,False,False,False,False,False
1417,Male,16,Some College,15.9,7.2,8.2,83,66,87,3.1,7.1,Yes,No,False,False,False,False,False
1418,Female,16,High School,10.0,6.6,6.6,66,59,75,2.7,12.3,Yes,Yes,False,False,False,False,False
1419,Male,18,High School,6.7,7.0,2.8,93,88,86,3.6,10.3,Yes,No,False,False,False,False,False
1420,Female,17,High School,9.6,7.0,4.2,73,91,79,3.2,1.1,Yes,Yes,False,False,False,False,False
1421,Female,17,Bachelor's,7.7,7.5,13.4,48,85,68,2.7,2.0,No,Yes,False,False,False,False,False
1422,Male,17,High School,9.9,7.4,8.8,82,86,59,3.0,4.0,Yes,Yes,False,False,False,False,False
1423,Female,16,Some College,11.0,7.2,6.5,95,76,87,3.4,3.7,Yes,No,False,False,False,False,False
1424,Male,17,Some College,6.9,6.7,10.2,71,96,58,3.0,1.8,Yes,Yes,False,False,False,False,False
1425,Male,18,Graduate,5.8,7.0,4.9,74,68,100,3.2,3.0,Yes,Yes,False,False,False,False,False
1426,Female,17,Graduate,15.1,7.5,7.6,100,85,76,3.5,7.3,Yes,No,False,False,False,False,False
1427,Female,16,Some College,14.3,9.0,4.0,89,96,83,3.6,1.6,Yes,Yes,False,False,False,False,False
1428,Male,17,High School,6.3,6.6,10.0,86,58,85,3.1,3.6,Yes,Yes,False,False,False,False,False
1429,Female,16,Bachelor's,8.2,7.2,8.1,66,62,55,2.4,6.3,Yes,Yes,False,False,False,False,False
1430,Female,16,High School,9.3,7.6,4.6,86,84,88,3.4,3.6,Yes,Yes,False,False,False,False,False
1431,Female,17,Graduate,10.0,8.0,5.6,71,70,95,3.1,8.9,Yes,No,False,False,False,False,False
1432,Male,17,Bachelor's,6.5,7.0,5.5,67,97,76,3.2,2.4,Yes,Yes,False,False,False,False,False
1433,Female,16,Some College,8.7,6.7,9.1,91,76,97,3.5,2.4,Yes,Yes,False,False,False,False,False
1434,Female,15,Some College,10.6,8.2,6.4,91,70,80,3.2,2.6,Yes,No,False,False,False,False,False
1435,Female,17,Some College,10.3,7.0,2.6,67,78,81,3.0,5.8,Yes,No,False,False,False,False,False
1436,Female,15,Bachelor's,8.8,6.9,7.8,65,88,77,3.1,3.7,Yes,No,False,False,False,False,False
1437,Female,18,Some College,4.9,7.0,5.4,82,93,75,3.3,3.8,Yes,Yes,False,False,False,False,False
1438,Female,17,Some College,12.3,6.9,0.0,91,68,95,3.4,1.1,Yes,No,False,False,False,False,False
1439,Female,16,High School,8.1,7.8,7.6,66,66,57,2.5,3.8,Yes,No,False,False,False,False,False
1440,Female,15,High School,10.0,6.3,1.6,71,63,74,2.8,1.6,Yes,No,False,False,False,False,False
1441,Male,18,Some College,8.7,9.3,4.6,98,74,88,3.5,1.1,Yes,Yes,False,False,False,False,False
1442,Female,17,Graduate,10.5,8.3,1.8,90,95,79,3.5,0.8,Yes,Yes,False,False,False,False,False
1443,Male,16,Bachelor's,7.5,5.9,5.8,95,86,94,3.7,7.7,Yes,Yes,False,False,False,False,False
1444,Female,16,Graduate,2.2,6.1,10.5,71,52,72,2.6,4.4,Yes,No,False,False,False,False,False
1445,Male,16,Some College,10.2,7.4,6.7,100,88,100,3.8,1.4,Yes,No,False,False,False,False,False
1446,Male,16,Some College,8.2,8.2,0.7,69,55,72,2.6,1.8,Yes,No,False,False,False,False,False
1447,Male,16,Some College,9.6,7.9,5.9,84,51,76,2.8,1.4,Yes,No,False,False,False,False,False
1448,Male,15,High School,8.7,6.0,3.4,82,96,51,3.1,3.7,Yes,No,False,False,False,False,False
1449,Female,16,Bachelor's,9.2,5.4,6.1,82,83,94,3.5,4.8,Yes,Yes,False,False,False,False,False
1450,Female,17,Some College,15.6,6.3,9.5,84,100,90,3.7,2.0,Yes,Yes,False,False,False,False,False
1451,Female,16,Some College,13.7,4.9,4.2,100,77,81,3.4,2.5,Yes,No,False,False,False,False,False
1452,Male,16,High School,13.7,6.6,8.0,86,75,93,3.4,1.6,Yes,Yes,False,False,False,False,False
1453,Female,15,Some College,12.2,7.8,2.3,64,94,94,3.4,5.6,Yes,No,False,False,False,False,False
1454,Male,17,Some College,7.5,6.2,7.4,83,72,87,3.2,1.6,Yes,No,False,False,False,False,False
1455,Female,16,Some College,12.2,6.5,0.0,100,58,89,3.3,3.7,Yes,No,False,False,False,False,False
1456,Male,17,Bachelor's,9.5,6.3,8.9,64,72,65,2.7,2.6,Yes,Yes,False,False,False,False,False
1457,Female,18,Bachelor's,6.7,7.0,9.4,72,68,83,3.0,2.8,Yes,Yes,False,False,False,False,False
1458,Male,16,Bachelor's,10.3,4.4,9.1,88,88,82,3.4,2.9,No,Yes,True,False,False,False,False
1459,Male,16,High School,10.4,6.4,6.0,83,75,93,3.3,8.9,Yes,No,False,False,False,False,False
1460,Female,16,High School,5.3,8.3,5.8,58,52,92,2.7,8.5,Yes,Yes,False,False,False,False,False
1461,Female,15,Graduate,9.1,6.6,5.6,78,92,100,3.6,2.3,Yes,No,False,False,False,False,False
1462,Male,16,Some College,16.3,7.6,6.8,100,85,100,3.8,7.0,Yes,Yes,False,False,False,False,False
1463,Male,17,Graduate,12.1,7.5,11.0,97,79,100,3.7,5.1,Yes,No,False,False,False,False,False
1464,Female,15,Bachelor's,7.8,6.8,2.3,100,88,96,3.8,8.2,Yes,Yes,False,False,False,False,False
1465,Male,18,High School,17.8,7.8,3.7,67,95,100,3.5,2.6,Yes,No,False,False,False,False,False
1466,Female,18,Some College,12.3,7.3,3.4,60,61,98,2.9,1.2,No,No,False,False,False,False,False
1467,Female,17,Some College,8.3,5.3,5.3,95,50,71,2.9,1.0,Yes,Yes,False,False,False,False,False
1468,Female,17,High School,9.8,6.4,9.6,67,73,92,3.1,5.4,No,No,False,False,False,False,False
1469,Female,18,Bachelor's,8.1,8.1,3.2,97,79,96,3.6,6.9,Yes,Yes,False,False,False,False,False
1470,Female,16,Some College,10.0,5.7,2.5,89,81,91,3.5,6.8,Yes,No,False,False,False,False,False
1471,Female,16,Some College,10.6,8.0,2.0,85,84,86,3.4,7.1,Yes,No,False,False,False,False,False
1472,Female,15,High School,11.5,9.5,4.4,62,59,79,2.7,3.2,No,No,False,False,False,False,False
1473,Male,17,Some College,9.2,7.1,8.3,88,72,87,3.3,1.5,Yes,Yes,False,False,False,False,False
1474,Female,18,Graduate,12.3,6.7,10.1,100,81,73,3.4,2.7,Yes,No,False,False,False,False,False
1475,Male,16,Some College,16.6,7.1,6.3,96,94,86,3.7,1.8,Yes,Yes,False,False,False,False,False
1476,Male,15,High School,10.8,8.5,3.6,100,91,79,3.6,2.5,No,Yes,False,False,False,False,False
1477,Female,18,Bachelor's,10.2,6.1,6.7,99,95,73,3.6,6.0,Yes,Yes,False,False,False,False,False
1478,Female,17,High School,6.2,6.8,9.2,78,61,71,2.8,1.9,Yes,No,False,False,False,False,False
1479,Female,15,Some College,13.1,8.2,3.4,100,80,75,3.4,7.8,Yes,No,False,False,False,False,False
1480,Male,15,Some College,11.7,6.3,9.3,66,83,81,3.1,1.7,Yes,Yes,False,False,False,False,False
1481,Female,15,High School,10.3,7.5,6.7,100,70,87,3.4,2.0,Yes,Yes,False,False,False,False,False
1482,Female,18,Graduate,11.0,6.7,6.9,100,83,67,3.3,1.6,No,No,False,False,False,False,False
1483,Male,15,Bachelor's,6.6,7.1,8.7,96,67,77,3.2,2.9,Yes,No,False,False,False,False,False
1484,Male,16,High School,12.2,7.4,6.9,92,87,71,3.3,1.5,Yes,Yes,False,False,False,False,False
1485,Male,17,Some College,11.2,7.1,7.8,75,87,95,3.4,7.2,Yes,No,False,False,False,False,False
1486,Male,15,Graduate,8.2,7.9,8.5,81,75,99,3.4,1.5,Yes,No,False,False,False,False,False
1487,Male,17,Some College,11.0,7.5,5.3,81,100,70,3.3,3.1,No,No,False,False,False,False,False
1488,Female,18,Some College,4.6,6.8,3.8,83,72,63,2.9,2.5,Yes,Yes,False,False,False,False,False
1489,Female,17,Some College,5.2,4.9,7.5,78,76,69,3.0,15.6,Yes,No,False,False,False,False,False
1490,Male,16,High School,9.2,7.2,9.5,82,79,65,3.0,4.3,Yes,No,False,False,False,False,False
1491,Female,15,High School,16.7,6.3,13.9,100,76,70,3.3,5.0,Yes,Yes,False,False,False,False,False
1492,Male,17,Bachelor's,10.5,5.3,2.6,100,100,63,3.5,6.2,Yes,Yes,False,False,False,False,False
1493,Female,16,Bachelor's,9.8,7.0,4.6,71,73,81,3.0,7.6,Yes,Yes,False,False,False,False,False
1494,Male,18,Bachelor's,9.5,7.3,4.2,83,80,81,3.3,2.0,Yes,Yes,False,False,False,False,False
1495,Female,15,Graduate,6.7,6.5,8.7,62,56,90,2.8,1.3,Yes,No,False,False,False,False,False
1496,Female,18,Some College,9.5,6.6,6.7,79,69,68,2.9,2.0,Yes,Yes,False,False,False,False,False
1497,Male,16,High School,13.4,7.0,9.2,79,93,71,3.2,5.5,Yes,Yes,False,False,False,False,False
1498,Male,16,Some College,11.1,7.5,0.7,69,93,67,3.1,5.4,Yes,No,False,False,False,False,False
1499,Male,16,High School,11.9,7.1,8.5,88,72,72,3.1,4.7,Yes,No,False,False,False,False,False
1500,Male,15,High School,6.2,5.1,4.6,90,77,80,3.3,1.5,Yes,Yes,False,False,False,False,False
1501,Male,18,High School,6.2,6.4,9.8,56,86,85,3.0,4.5,Yes,Yes,False,False,False,False,False
1502,Female,15,Bachelor's,10.7,6.3,3.5,88,68,81,3.2,2.2,Yes,Yes,False,False,False,False,False
1503,Female,17,Some College,10.0,9.0,2.4,100,100,94,3.9,0.8,Yes,No,False,False,False,False,False
1504,Male,16,Some College,8.2,7.0,5.6,79,99,65,3.2,5.7,Yes,Yes,False,False,False,False,False
1505,Male,17,High School,6.6,5.2,4.0,83,63,71,2.9,3.4,Yes,Yes,False,False,False,False,False
1506,Female,17,Graduate,11.4,5.3,8.3,98,100,98,3.9,1.0,Yes,Yes,False,False,False,False,False
1507,Male,18,Bachelor's,10.3,6.6,0.5,100,68,86,3.4,4.4,No,Yes,False,False,False,False,False
1508,Female,18,High School,7.8,8.4,3.0,78,76,92,3.3,7.3,Yes,Yes,False,False,False,False,False
1509,Male,17,Some College,14.7,6.3,7.4,100,100,82,3.8,0.9,Yes,Yes,False,False,False,False,False
1510,Female,16,High School,2.8,6.8,7.5,68,66,69,2.7,0.7,Yes,Yes,False,False,False,False,False
1511,Male,17,Graduate,8.7,7.9,10.8,85,85,82,3.4,2.1,Yes,Yes,False,False,False,False,False
1512,Female,18,High School,9.5,8.3,5.4,42,82,84,2.8,3.9,Yes,Yes,False,False,False,False,False
1513,Male,16,High School,10.0,9.4,3.5,100,68,82,3.3,2.9,Yes,Yes,False,False,False,False,False
1514,Female,17,High School,9.8,6.9,9.6,50,68,83,2.7,3.5,Yes,Yes,False,False,False,False,False
1515,Male,17,High School,9.0,6.3,7.7,85,59,78,3.0,3.1,Yes,No,False,False,False,False,False
1516,Male,15,Some College,15.5,5.2,5.1,76,68,80,3.0,11.8,Yes,No,False,False,False,False,False
1517,Female,18,Bachelor's,11.6,5.4,0.9,77,77,98,3.4,4.3,Yes,No,False,False,False,False,False
1518,Female,16,Graduate,13.2,7.5,5.8,95,94,86,3.7,2.3,Yes,Yes,False,False,False,False,False
1519,Female,18,Some College,8.9,7.1,4.9,60,68,62,2.5,4.8,Yes,No,False,False,False,False,False
1520,Female,16,Bachelor's,12.1,7.0,3.3,91,91,100,3.8,2.3,Yes,Yes,False,False,False,False,False
1521,Male,18,Some College,9.8,6.1,3.5,52,80,74,2.7,2.3,Yes,No,False,False,False,False,False
1522,Female,16,Some College,12.1,6.6,8.1,88,97,85,3.6,1.6,Yes,Yes,False,False,False,False,False
1523,Male,17,Some College,9.3,6.6,7.0,80,95,95,3.6,2.6,Yes,No,False,False,False,False,False
1524,Female,16,Bachelor's,11.7,7.6,5.3,82,92,70,3.3,3.6,Yes,Yes,False,False,False,False,False
1525,Male,16,Bachelor's,8.4,7.6,3.1,100,46,74,2.9,4.2,Yes,Yes,False,False,False,False,False
1526,Female,17,Graduate,14.3,4.6,7.2,88,91,100,3.7,0.3,Yes,Yes,False,False,False,False,False
1527,Male,16,High School,8.0,8.3,4.4,62,87,64,2.8,0.1,Yes,No,False,False,False,False,False
1528,Male,16,Some College,13.4,6.4,11.2,85,82,95,3.5,5.1,Yes,No,False,False,False,False,False
1529,Male,16,Some College,10.0,6.7,9.7,69,71,78,2.9,3.3,No,No,False,False,False,False,False
1530,Female,16,High School,9.7,6.7,6.1,81,51,68,2.7,0.5,Yes,Yes,False,False,False,False,False
1531,Female,16,High School,10.1,7.0,11.3,81,68,73,3.0,2.2,No,Yes,False,False,False,False,False
1532,Male,16,High School,6.3,7.7,8.5,69,27,89,2.5,1.0,No,No,False,False,True,False,False
1533,Female,18,Graduate,7.2,7.8,6.4,98,98,88,3.8,9.4,Yes,No,False,False,False,False,False
1534,Male,18,Graduate,4.3,4.6,8.3,100,81,88,3.6,2.7,Yes,Yes,False,False,False,False,False
1535,Female,15,Some College,13.6,7.0,5.0,95,100,92,3.8,1.5,Yes,Yes,False,False,False,False,False
1536,Male,17,High School,10.4,6.3,4.3,77,95,72,3.3,3.1,Yes,Yes,False,False,False,False,False
1537,Female,16,Bachelor's,8.8,5.8,0.7,85,100,100,3.8,2.9,Yes,No,False,False,False,False,False
1538,Male,17,High School,13.6,6.5,0.8,83,94,91,3.6,1.3,No,Yes,False,False,False,False,False
1539,Female,18,High School,9.9,6.5,7.4,85,62,97,3.3,2.6,Yes,No,False,False,False,False,False
1540,Male,17,Graduate,9.2,5.9,4.2,96,94,100,3.9,1.9,Yes,No,False,False,False,False,False
1541,Female,16,Graduate,11.0,7.9,6.5,83,100,84,3.6,5.2,Yes,Yes,False,False,False,False,False
1542,Male,16,Bachelor's,12.8,7.1,5.6,39,91,100,3.1,3.3,No,No,False,False,False,False,False
1543,Female,16,Bachelor's,5.6,6.1,6.5,74,76,84,3.1,5.8,Yes,No,False,False,False,False,False
1544,Male,15,High School,13.2,7.1,13.0,69,98,62,3.1,2.3,Yes,Yes,False,False,False,False,False
1545,Male,15,Graduate,7.4,7.4,8.0,74,86,85,3.3,1.9,Yes,No,False,False,False,False,False
1546,Female,15,Graduate,5.9,7.0,6.9,55,57,80,2.6,10.3,No,Yes,False,False,False,False,False
1547,Female,17,Some College,7.7,7.0,8.5,54,44,66,2.2,2.2,Yes,Yes,False,False,False,False,True
1548,Male,15,Some College,6.8,6.0,11.6,94,65,47,2.7,1.7,Yes,Yes,False,False,False,False,False
1549,Male,17,Some College,11.5,7.2,3.7,100,91,100,3.9,1.2,Yes,Yes,False,False,False,False,False
1550,Female,16,Some College,11.5,5.4,11.1,87,100,61,3.3,4.5,Yes,No,False,False,False,False,False
1551,Male,16,Some College,8.8,6.5,2.7,92,100,73,3.5,1.3,Yes,Yes,False,False,False,False,False
1552,Female,15,High School,13.8,7.4,3.5,54,78,95,3.0,3.5,Yes,Yes,False,False,False,False,False
1553,Male,18,Graduate,11.6,6.9,12.8,90,74,82,3.3,8.0,Yes,Yes,False,False,False,False,False
1554,Male,16,High School,7.7,7.4,6.7,63,69,73,2.7,3.2,No,Yes,False,False,False,False,False
1555,Female,16,High School,14.3,8.9,3.1,83,64,90,3.2,9.1,Yes,No,False,False,False,False,False
1556,Female,17,Some College,8.4,4.9,8.9,80,84,68,3.1,6.2,Yes,Yes,False,False,False,False,False
1557,Female,16,High School,16.7,7.2,8.0,99,82,60,3.2,7.1,Yes,No,False,False,False,False,False
1558,Female,18,High School,10.0,7.1,7.1,87,84,75,3.3,3.6,Yes,No,False,False,False,False,False
1559,Female,16,Bachelor's,8.9,6.1,9.0,59,71,57,2.5,6.8,Yes,No,False,False,False,False,False
1560,Female,18,Some College,8.4,7.5,5.7,98,69,89,3.4,2.4,Yes,Yes,False,False,False,False,False
1561,Female,17,High School,11.2,6.5,8.0,85,83,83,3.3,2.2,Yes,Yes,False,False,False,False,False
1562,Female,17,High School,15.0,5.9,6.7,100,83,90,3.6,2.6,Yes,Yes,False,False,False,False,False
1563,Male,15,Graduate,10.3,8.1,9.7,100,87,82,3.6,4.4,Yes,Yes,False,False,False,False,False
1564,Male,16,Bachelor's,10.0,6.8,4.0,81,86,81,3.3,2.0,Yes,Yes,False,False,False,False,False
1565,Male,17,Some College,9.3,7.2,2.8,88,90,77,3.4,1.3,Yes,Yes,False,False,False,False,False
1566,Female,16,High School,10.9,7.0,3.3,80,70,85,3.1,1.6,Yes,No,False,False,False,False,False
1567,Male,15,High School,8.5,7.8,1.6,89,94,63,3.3,7.7,Yes,Yes,False,False,False,False,False
1568,Male,17,Some College,11.3,5.9,4.4,98,86,100,3.8,2.9,Yes,Yes,False,False,False,False,False
1569,Female,16,Graduate,9.0,7.3,0.0,67,79,94,3.2,1.9,Yes,Yes,False,False,False,False,False
1570,Female,16,Bachelor's,13.2,5.7,4.0,85,100,92,3.7,7.7,Yes,Yes,False,False,False,False,False
1571,Female,16,Some College,11.6,9.2,4.8,94,89,72,3.4,2.5,Yes,Yes,False,False,False,False,False
1572,Female,16,Some College,7.7,8.4,5.4,83,56,74,2.8,1.1,Yes,No,False,False,False,False,False
1573,Male,16,Some College,17.5,7.7,5.0,100,96,75,3.6,1.0,Yes,Yes,False,False,False,False,False
1574,Male,16,Bachelor's,7.5,8.1,6.1,86,94,93,3.6,5.3,Yes,Yes,False,False,False,False,False
1575,Female,15,Some College,11.4,7.7,8.6,80,90,77,3.3,0.4,Yes,No,False,False,False,False,False
1576,Female,15,High School,15.9,6.9,4.8,100,77,100,3.7,5.6,Yes,No,False,False,False,False,False
1577,Female,18,High School,10.1,7.4,1.8,56,99,85,3.2,8.3,Yes,Yes,False,False,False,False,False
1578,Female,15,Bachelor's,5.1,5.7,3.9,55,59,98,2.8,5.8,Yes,No,False,False,False,False,False
1579,Male,15,Some College,8.6,8.6,8.5,92,50,61,2.7,4.7,Yes,No,False,False,False,False,False
1580,Male,17,Bachelor's,12.3,6.8,0.0,87,100,100,3.8,1.8,Yes,No,False,False,False,False,False
1581,Female,17,High School,13.7,7.3,2.1,66,69,84,2.9,1.4,Yes,Yes,False,False,False,False,False
1582,Male,16,Some College,8.7,6.9,11.7,83,78,100,3.5,0.9,Yes,No,False,False,False,False,False
1583,Female,16,Graduate,7.2,6.7,5.8,87,67,70,3.0,9.8,Yes,Yes,False,False,False,False,False
1584,Female,18,Some College,7.1,7.1,7.4,78,86,77,3.2,0.8,Yes,No,False,False,False,False,False
1585,Male,16,Graduate,10.0,9.0,8.7,69,98,70,3.2,7.2,Yes,No,False,False,False,False,False
1586,Male,16,Bachelor's,14.2,7.7,5.0,58,100,97,3.4,6.2,Yes,No,False,False,False,False,False
1587,Male,18,High School,7.8,7.0,6.2,82,74,86,3.2,0.4,No,No,False,False,False,False,False
1588,Female,16,High School,10.5,7.0,8.1,73,85,82,3.2,1.5,Yes,Yes,False,False,False,False,False
1589,Male,17,Bachelor's,11.8,7.5,4.8,100,100,96,3.9,2.3,Yes,Yes,False,False,False,False,False
1590,Female,18,Bachelor's,9.5,8.1,0.0,84,82,100,3.5,4.3,Yes,No,False,False,False,False,False
1591,Female,16,Bachelor's,7.8,9.0,8.3,93,100,100,3.9,7.7,Yes,Yes,False,False,False,False,False
1592,Male,15,Bachelor's,3.4,6.5,5.7,77,88,85,3.3,1.1,Yes,No,False,False,False,False,False
1593,Female,15,Bachelor's,5.3,7.6,5.3,86,77,69,3.1,6.2,Yes,Yes,False,False,False,False,False
1594,Female,15,Bachelor's,10.1,5.7,1.1,99,94,78,3.6,3.6,Yes,Yes,False,False,False,False,False
1595,Female,16,Graduate,13.1,7.1,9.2,100,93,74,3.6,3.6,No,Yes,False,False,False,False,False
1596,Female,16,High School,11.4,6.5,7.0,74,64,80,2.9,2.6,Yes,No,False,False,False,False,False
1597,Male,16,High School,6.6,5.9,6.3,82,82,66,3.1,3.4,Yes,No,False,False,False,False,False
1598,Female,15,Bachelor's,9.1,6.7,7.5,75,50,83,2.8,4.9,Yes,Yes,False,False,False,False,False
1599,Female,18,High School,9.3,6.5,3.3,84,62,100,3.3,1.7,Yes,Yes,False,False,False,False,False
1600,Female,15,Some College,10.0,6.1,0.0,80,64,79,3.0,3.6,No,Yes,False,False,False,False,False
1601,Male,17,Some College,11.3,6.2,10.3,75,90,80,3.3,1.7,Yes,Yes,False,False,False,False,False
1602,Male,17,High School,15.4,6.6,6.9,100,89,76,3.5,2.0,Yes,No,False,False,False,False,False
1603,Male,17,Graduate,6.6,6.7,0.0,79,44,95,2.9,7.0,Yes,No,False,False,False,False,False
1604,Female,16,High School,7.0,6.9,2.1,93,80,87,3.5,1.5,Yes,Yes,False,False,False,False,False
1605,Female,16,Bachelor's,14.1,7.9,15.1,100,88,84,3.6,7.3,Yes,Yes,False,False,False,False,False
1606,Male,17,Some College,11.7,8.3,6.4,75,64,100,3.2,4.9,Yes,Yes,False,False,False,False,False
1607,Male,17,Bachelor's,5.9,5.5,2.3,69,70,91,3.1,3.6,Yes,Yes,False,False,False,False,False
1608,Female,17,High School,6.7,6.4,5.0,46,68,63,2.4,5.9,No,No,False,False,False,False,False
1609,Female,15,Bachelor's,8.8,8.6,3.2,76,100,88,3.5,7.4,Yes,Yes,False,False,False,False,False
1610,Female,17,High School,10.0,6.1,4.9,77,93,95,3.5,2.9,Yes,Yes,False,False,False,False,False
1611,Male,17,High School,10.0,6.5,13.8,72,87,60,2.9,2.4,Yes,No,False,False,False,False,False
1612,Female,16,Some College,15.9,8.0,5.1,100,90,82,3.6,1.2,Yes,Yes,False,False,False,False,False
1613,Male,17,Bachelor's,10.0,8.1,3.8,72,84,85,3.2,6.0,Yes,Yes,False,False,False,False,False
1614,Female,18,Bachelor's,10.0,6.9,4.5,78,76,92,3.3,4.7,Yes,Yes,False,False,False,False,False
1615,Male,16,Some College,5.3,6.1,9.9,66,61,54,2.4,4.2,Yes,Yes,False,False,False,False,False
1616,Male,18,Some College,9.4,7.6,0.4,85,87,98,3.6,0.9,Yes,No,False,False,False,False,False
1617,Female,16,High School,10.0,8.2,7.0,88,91,81,3.5,3.2,Yes,Yes,False,False,False,False,False
1618,Male,15,Some College,8.4,6.6,7.2,81,66,62,2.8,4.1,Yes,Yes,False,False,False,False,False
1619,Male,15,High School,10.9,7.2,8.0,95,78,78,3.3,1.2,No,No,False,False,False,False,False
1620,Female,17,Graduate,14.5,6.6,3.9,83,100,92,3.7,3.5,Yes,No,False,False,False,False,False
1621,Male,15,Some College,9.8,7.9,6.5,83,87,97,3.6,3.3,Yes,No,False,False,False,False,False
1622,Male,18,Bachelor's,15.3,5.8,0.1,100,81,100,3.7,1.6,No,No,False,False,False,False,False
1623,Female,16,Some College,13.0,7.3,7.5,94,79,89,3.5,3.6,Yes,Yes,False,False,False,False,False
1624,Female,15,High School,13.8,7.9,2.1,95,70,85,3.3,5.2,Yes,Yes,False,False,False,False,False
1625,Male,18,Bachelor's,9.3,7.2,7.8,88,92,72,3.4,6.9,Yes,No,False,False,False,False,False
1626,Male,16,Some College,6.9,8.0,3.9,63,79,72,2.9,7.5,Yes,Yes,False,False,False,False,False
1627,Female,17,Bachelor's,15.5,8.2,3.6,100,100,100,4.0,5.3,Yes,Yes,False,False,False,False,False
1628,Female,16,Bachelor's,5.6,5.9,3.2,52,93,75,2.9,6.5,Yes,Yes,False,False,False,False,False
1629,Male,15,Bachelor's,10.9,6.3,7.2,88,82,85,3.4,5.0,Yes,Yes,False,False,False,False,False
1630,Female,17,High School,8.3,7.9,6.0,84,64,66,2.9,2.7,Yes,No,False,False,False,False,False
1631,Male,16,High School,10.0,5.9,3.2,88,77,84,3.3,0.8,Yes,Yes,False,False,False,False,False
1632,Male,15,High School,6.9,6.9,7.0,64,80,76,2.9,4.3,Yes,Yes,False,False,False,False,False
1633,Female,18,High School,9.7,5.6,4.7,79,81,90,3.3,2.0,Yes,Yes,False,False,False,False,False
1634,Female,15,Some College,9.1,6.6,8.6,93,74,73,3.2,2.7,Yes,No,False,False,False,False,False
1635,Male,18,High School,12.0,7.7,8.5,94,76,90,3.5,2.4,Yes,Yes,False,False,False,False,False
1636,Male,18,Some College,9.3,6.8,6.9,67,86,91,3.3,1.4,Yes,No,False,False,False,False,False
1637,Female,15,Graduate,12.5,6.7,5.0,100,81,78,3.5,2.9,Yes,Yes,False,False,False,False,False
1638,Female,17,High School,13.9,7.4,2.7,79,94,78,3.3,4.1,No,No,False,False,False,False,False
1639,Male,18,Some College,10.5,6.3,5.3,94,78,100,3.6,5.0,Yes,Yes,False,False,False,False,False
1640,Male,18,Graduate,11.6,7.0,11.3,80,83,88,3.3,6.0,Yes,Yes,False,False,False,False,False
1641,Male,15,High School,8.3,6.0,8.1,53,52,66,2.3,11.2,Yes,Yes,False,False,False,False,False
1642,Female,17,Bachelor's,10.0,8.0,2.4,89,91,81,3.5,0.3,No,Yes,False,False,False,False,False
1643,Male,15,Bachelor's,4.2,5.2,8.1,72,83,78,3.1,1.4,Yes,No,False,False,False,False,False
1644,Male,17,Bachelor's,10.3,7.1,6.5,100,97,66,3.5,4.7,Yes,Yes,False,False,False,False,False
1645,Male,18,High School,5.2,7.8,6.3,70,53,67,2.5,3.6,Yes,Yes,False,False,False,False,False
1646,Male,17,Bachelor's,13.8,7.5,5.6,83,85,73,3.2,2.2,Yes,Yes,False,False,False,False,False
1647,Male,16,Bachelor's,5.8,7.7,2.0,87,47,93,3.0,1.9,Yes,Yes,False,False,False,False,False
1648,Male,15,Some College,6.8,7.6,0.8,87,63,44,2.6,3.0,Yes,Yes,False,False,False,True,False
1649,Female,17,Graduate,5.1,8.2,3.4,88,53,62,2.7,6.5,Yes,Yes,False,False,False,False,False
1650,Female,17,Some College,4.4,7.2,8.8,69,81,87,3.2,1.4,Yes,No,False,False,False,False,False
1651,Male,18,Bachelor's,10.0,6.4,4.2,86,95,89,3.6,2.1,Yes,Yes,False,False,False,False,False
1652,Male,16,Some College,5.8,8.5,9.5,99,90,70,3.5,3.5,Yes,Yes,False,False,False,False,False
1653,Female,16,Some College,9.3,8.4,2.3,59,95,91,3.3,1.0,Yes,No,False,False,False,False,False
1654,Male,18,High School,8.7,7.3,7.8,37,61,65,2.2,2.5,Yes,No,False,True,False,False,True
1655,Male,15,Some College,4.8,7.8,7.8,59,96,92,3.3,4.5,Yes,Yes,False,False,False,False,False
1656,Male,15,High School,10.0,7.0,9.4,73,77,72,3.0,15.2,No,Yes,False,False,False,False,False
1657,Female,18,Graduate,7.0,6.5,5.2,88,88,65,3.2,4.5,Yes,Yes,False,False,False,False,False
1658,Female,16,Some College,6.3,7.2,9.8,78,86,71,3.1,5.5,Yes,Yes,False,False,False,False,False
1659,Male,16,Graduate,8.2,7.4,0.0,99,86,94,3.7,4.1,Yes,No,False,False,False,False,False
1660,Male,16,High School,6.5,8.3,10.5,44,72,85,2.7,6.0,Yes,No,False,False,False,False,False
1661,Male,16,Some College,6.0,5.9,8.4,59,97,66,3.0,4.2,Yes,No,False,False,False,False,False
1662,Female,16,Bachelor's,10.0,7.1,2.2,97,91,87,3.7,0.7,Yes,Yes,False,False,False,False,False
1663,Female,17,Bachelor's,6.8,8.5,5.0,60,47,82,2.5,4.4,Yes,Yes,False,False,False,False,False
1664,Female,15,High School,7.8,6.4,6.1,28,61,53,1.9,1.8,No,No,False,True,False,False,True
1665,Male,15,Bachelor's,9.9,7.9,5.1,79,100,70,3.3,2.0,Yes,Yes,False,False,False,False,False
1666,Female,15,Some College,10.9,8.2,4.4,95,95,51,3.2,7.4,Yes,Yes,False,False,False,False,False
1667,Male,17,Bachelor's,8.3,7.0,1.7,80,97,64,3.2,3.1,Yes,Yes,False,False,False,False,False
1668,Female,16,Bachelor's,9.5,7.8,3.6,81,74,74,3.1,1.4,Yes,Yes,False,False,False,False,False
1669,Female,16,Bachelor's,11.4,9.1,11.0,77,77,66,2.9,1.0,Yes,Yes,False,False,False,False,False
1670,Male,16,High School,9.3,6.4,4.6,79,65,71,2.9,7.1,Yes,Yes,False,False,False,False,False
1671,Male,16,Some College,4.8,6.7,5.0,38,81,68,2.5,1.0,Yes,Yes,False,False,False,False,False
1672,Female,17,Graduate,8.9,8.1,11.3,66,70,76,2.8,3.1,Yes,No,False,False,False,False,False
1673,Female,17,Some College,8.5,7.4,0.0,86,71,75,3.1,1.1,Yes,Yes,False,False,False,False,False
1674,Male,18,High School,13.6,7.7,8.4,60,85,100,3.3,0.5,Yes,No,False,False,False,False,False
1675,Female,16,Some College,9.4,6.6,6.8,100,98,91,3.9,1.5,Yes,Yes,False,False,False,False,False
1676,Male,16,Bachelor's,6.5,7.4,8.9,81,66,84,3.1,1.5,Yes,No,False,False,False,False,False
1677,Female,15,Bachelor's,7.1,4.6,4.1,58,92,85,3.1,4.2,Yes,Yes,False,False,False,False,False
1678,Male,17,Graduate,8.2,7.4,1.9,96,86,98,3.7,1.1,Yes,Yes,False,False,False,False,False
1679,Female,18,Graduate,12.5,8.8,7.4,90,96,70,3.4,1.5,No,Yes,False,False,False,False,False
1680,Female,17,High School,11.2,9.3,10.0,55,51,87,2.6,14.0,Yes,No,False,False,False,False,False
1681,Male,17,Some College,6.3,6.1,0.0,77,58,72,2.8,8.4,Yes,No,False,False,False,False,False
1682,Male,16,High School,10.0,6.3,4.8,84,95,75,3.4,0.4,Yes,No,False,False,False,False,False
1683,Female,16,Some College,10.4,7.0,3.8,89,64,99,3.4,7.6,No,Yes,False,False,False,False,False
1684,Female,17,Some College,10.7,5.9,0.6,88,89,84,3.5,4.4,Yes,No,False,False,False,False,False
1685,Female,17,Graduate,11.5,6.6,10.1,95,88,77,3.5,3.8,Yes,Yes,False,False,False,False,False
1686,Female,16,Some College,11.5,7.3,8.6,68,60,74,2.7,3.7,Yes,No,False,False,False,False,False
1687,Female,17,Graduate,9.7,7.3,4.2,100,94,84,3.7,1.5,Yes,Yes,False,False,False,False,False
1688,Female,18,Bachelor's,15.6,7.2,9.7,85,79,97,3.5,2.2,No,No,False,False,False,False,False
1689,Male,18,Some College,11.7,7.8,8.6,80,85,75,3.2,5.1,No,No,False,False,False,False,False
1690,Female,16,Bachelor's,10.8,7.0,10.7,57,68,72,2.6,1.7,Yes,Yes,False,False,False,False,False
1691,Male,17,Graduate,10.0,6.3,7.3,95,92,92,3.7,11.3,Yes,Yes,False,False,False,False,False
1692,Male,17,Bachelor's,10.5,8.9,4.1,77,75,71,3.0,4.4,No,Yes,False,False,False,False,False
1693,Male,17,High School,11.0,6.0,4.6,72,73,88,3.1,9.7,Yes,No,False,False,False,False,False
1694,Female,17,Bachelor's,14.7,6.8,0.0,74,100,85,3.5,1.7,Yes,No,False,False,False,False,False
1695,Female,15,High School,8.4,6.4,5.8,94,74,86,3.4,3.8,Yes,Yes,False,False,False,False,False
1696,Female,15,High School,9.3,6.3,13.5,78,73,76,3.0,1.1,Yes,No,False,False,False,False,False
1697,Male,16,High School,13.7,6.5,8.5,55,97,91,3.2,3.1,Yes,Yes,False,False,False,False,False
1698,Female,17,Graduate,9.8,7.5,1.0,92,88,98,3.7,6.4,No,Yes,False,False,False,False,False
1699,Male,17,Bachelor's,8.0,6.0,4.0,54,84,91,3.1,4.4,No,Yes,False,False,False,False,False
1700,Male,18,High School,10.0,7.2,10.8,69,64,88,2.9,6.2,Yes,No,False,False,False,False,False
1701,Male,17,High School,8.8,8.4,3.3,64,91,55,2.8,4.7,Yes,Yes,False,False,False,False,False
1702,Male,18,Graduate,11.8,5.7,5.1,88,75,100,3.5,5.9,Yes,Yes,False,False,False,False,False
1703,Male,16,Some College,11.7,6.4,3.5,100,86,68,3.4,12.9,Yes,No,False,False,False,False,False
1704,Female,16,Graduate,11.5,7.1,4.8,92,81,84,3.4,4.2,No,No,False,False,False,False,False
1705,Male,18,Bachelor's,11.6,6.1,8.0,82,70,83,3.1,2.3,Yes,No,False,False,False,False,False
1706,Male,17,Graduate,15.0,8.1,4.8,100,96,73,3.6,1.2,Yes,No,False,False,False,False,False
1707,Male,15,Bachelor's,12.8,7.0,7.0,75,85,90,3.3,3.3,Yes,No,False,False,False,False,False
1708,Female,15,Some College,10.3,7.7,6.1,97,61,75,3.1,12.9,No,No,False,False,False,False,False
1709,Female,15,Some College,7.1,5.4,4.0,84,81,94,3.5,1.7,Yes,Yes,False,False,False,False,False
1710,Male,17,Bachelor's,14.5,7.4,4.4,94,96,100,3.9,3.7,Yes,Yes,False,False,False,False,False
1711,Female,15,Graduate,7.2,7.1,0.9,70,80,86,3.1,2.6,Yes,Yes,False,False,False,False,False
1712,Female,15,Some College,11.6,5.5,5.5,75,75,83,3.1,4.5,Yes,No,False,False,False,False,False
1713,Male,16,Bachelor's,10.6,7.1,8.0,86,66,80,3.1,4.8,Yes,Yes,False,False,False,False,False
1714,Female,16,High School,5.4,8.2,4.9,66,72,63,2.7,0.8,Yes,Yes,False,False,False,False,False
1715,Male,16,Bachelor's,10.5,5.5,6.3,88,100,74,3.5,1.5,Yes,No,False,False,False,False,False
1716,Male,16,Bachelor's,14.7,8.2,6.8,100,75,98,3.6,3.5,Yes,No,False,False,False,False,False
1717,Male,17,Some College,10.0,5.8,6.8,62,64,94,2.9,5.0,Yes,No,False,False,False,False,False
1718,Female,17,Graduate,12.6,7.5,7.0,93,90,95,3.7,1.9,Yes,Yes,False,False,False,False,False
1719,Male,16,Some College,8.8,6.3,5.0,85,53,70,2.8,9.9,Yes,No,False,False,False,False,False
1720,Male,17,Graduate,12.1,7.7,6.4,82,77,91,3.3,4.9,Yes,Yes,False,False,False,False,False
1721,Female,16,Some College,13.7,6.7,2.6,71,79,100,3.3,2.8,Yes,Yes,False,False,False,False,False
1722,Female,17,High School,12.8,5.2,3.8,95,72,86,3.4,1.3,Yes,No,False,False,False,False,False
1723,Female,16,Bachelor's,9.6,7.1,5.8,84,82,72,3.2,3.8,Yes,Yes,False,False,False,False,False
1724,Female,15,Some College,9.8,7.0,5.3,94,58,68,2.9,4.9,No,No,False,False,False,False,False
1725,Male,18,Some College,11.3,7.4,6.5,87,87,90,3.5,3.2,No,Yes,False,False,False,False,False
1726,Male,16,Graduate,12.0,9.1,6.8,100,72,85,3.4,1.4,Yes,No,False,False,False,False,False
1727,Female,18,Bachelor's,7.8,8.3,2.3,86,90,80,3.4,4.2,Yes,Yes,False,False,False,False,False
1728,Female,17,High School,10.1,7.0,11.1,98,85,91,3.7,4.8,Yes,No,False,False,False,False,False
1729,Female,17,High School,11.6,6.4,8.4,100,82,88,3.6,2.1,Yes,No,False,False,False,False,False
1730,Female,18,Graduate,7.2,7.3,12.5,63,92,90,3.3,0.9,Yes,No,False,False,False,False,False
1731,Female,16,Some College,12.0,7.1,8.1,93,98,83,3.7,5.7,Yes,Yes,False,False,False,False,False
1732,Female,15,Some College,8.2,7.0,4.5,79,85,71,3.1,3.0,Yes,No,False,False,False,False,False
1733,Male,15,High School,6.7,8.2,6.3,59,45,73,2.4,5.5,Yes,Yes,False,False,False,False,False
1734,Female,17,Bachelor's,15.2,5.5,11.0,75,99,94,3.6,2.3,No,Yes,False,False,False,False,False
1735,Female,17,Bachelor's,11.8,7.0,4.7,87,64,87,3.2,7.5,Yes,Yes,False,False,False,False,False
1736,Male,17,Some College,11.9,7.5,3.8,71,61,85,2.9,12.0,Yes,No,False,False,False,False,False
1737,Male,16,High School,11.4,8.1,3.3,66,82,82,3.1,1.1,Yes,No,False,False,False,False,False
1738,Female,16,Some College,12.3,7.2,1.7,78,74,100,3.4,1.9,Yes,No,False,False,False,False,False
1739,Male,15,Some College,8.9,6.9,7.2,92,97,64,3.4,1.8,Yes,Yes,False,False,False,False,False
1740,Male,17,High School,7.3,5.5,1.6,62,72,56,2.5,4.0,Yes,No,False,False,False,False,False
1741,Male,18,Bachelor's,16.0,6.2,10.5,84,98,86,3.6,2.7,Yes,No,False,False,False,False,False
1742,Male,17,Graduate,12.8,6.9,4.2,100,91,88,3.7,2.9,Yes,Yes,False,False,False,False,False
1743,Male,17,High School,15.1,7.1,3.2,88,83,88,3.5,3.7,No,Yes,False,False,False,False,False
1744,Male,16,High School,12.3,4.7,5.7,77,66,89,3.1,1.8,Yes,Yes,False,False,False,False,False
1745,Female,16,Graduate,9.4,7.8,4.1,84,63,83,3.1,4.2,Yes,No,False,False,False,False,False
1746,Male,15,Bachelor's,12.9,8.2,5.6,100,86,100,3.8,5.3,Yes,No,False,False,False,False,False
1747,Male,18,Graduate,10.5,8.7,4.5,69,83,76,3.0,7.8,Yes,No,False,False,False,False,False
1748,Male,16,Bachelor's,6.1,7.0,6.7,82,88,100,3.6,4.4,Yes,No,False,False,False,False,False
1749,Female,16,Some College,6.1,6.0,3.6,99,61,89,3.3,2.4,Yes,No,False,False,False,False,False
1750,Female,17,Some College,10.8,8.0,13.9,79,59,86,3.0,3.6,Yes,No,False,False,False,False,False
1751,Male,18,High School,9.4,7.4,4.7,72,41,85,2.6,7.0,Yes,Yes,False,False,False,False,False
1752,Male,16,Graduate,12.6,7.0,0.3,85,69,85,3.2,3.2,No,No,False,False,False,False,False
1753,Female,15,Some College,13.8,7.1,5.1,94,73,92,3.5,3.5,Yes,No,False,False,False,False,False
1754,Male,17,Bachelor's,11.1,5.6,5.9,76,79,80,3.1,3.0,Yes,Yes,False,False,False,False,False
1755,Female,16,High School,11.9,7.2,7.1,54,90,92,3.1,1.8,Yes,Yes,False,False,False,False,False
1756,Male,17,High School,5.6,7.0,8.4,44,54,64,2.2,5.8,Yes,Yes,False,False,False,False,True
1757,Female,15,Some College,6.2,7.0,9.1,57,94,66,2.9,1.2,Yes,No,False,False,False,False,False
1758,Female,16,Bachelor's,8.0,7.4,8.5,89,80,100,3.6,5.5,Yes,Yes,False,False,False,False,False
1759,Male,15,High School,9.6,8.6,9.6,77,88,57,3.0,3.9,Yes,Yes,False,False,False,False,False
1760,Male,16,Some College,10.7,6.6,6.0,94,55,96,3.3,0.6,Yes,No,False,False,False,False,False
1761,Female,17,High School,14.9,6.7,3.2,100,72,99,3.6,0.2,Yes,Yes,False,False,False,False,False
1762,Female,18,Bachelor's,13.4,8.5,9.7,100,100,83,3.8,2.9,Yes,Yes,False,False,False,False,False
1763,Female,17,Some College,6.2,7.8,2.9,63,71,80,2.9,2.1,Yes,No,False,False,False,False,False
1764,Male,16,High School,9.5,5.5,6.0,76,100,100,3.7,3.7,Yes,Yes,False,False,False,False,False
1765,Female,16,Bachelor's,9.3,7.0,5.7,100,95,89,3.8,3.9,Yes,Yes,False,False,False,False,False
1766,Male,16,Bachelor's,13.5,7.0,6.5,100,100,99,4.0,4.2,Yes,Yes,False,False,False,False,False
1767,Male,15,Bachelor's,9.2,6.2,10.0,75,78,82,3.1,10.2,Yes,No,False,False,False,False,False
1768,Male,16,Graduate,10.2,5.2,7.9,82,88,95,3.5,4.8,No,Yes,False,False,False,False,False
1769,Female,16,High School,11.2,7.8,6.0,72,82,73,3.0,3.2,Yes,Yes,False,False,False,False,False
1770,Male,15,Graduate,14.9,6.2,5.1,100,91,88,3.7,3.4,Yes,No,False,False,False,False,False
1771,Male,15,High School,10.8,7.4,1.0,100,75,100,3.7,1.8,Yes,Yes,False,False,False,False,False
1772,Female,16,High School,7.6,7.4,5.0,100,60,59,2.9,1.3,No,Yes,False,False,False,False,False
1773,Female,15,Graduate,6.8,7.2,5.4,80,84,63,3.0,4.9,Yes,Yes,False,False,False,False,False
1774,Female,16,High School,14.4,7.0,3.1,100,74,80,3.4,9.2,Yes,Yes,False,False,False,False,False
1775,Female,15,Graduate,7.9,6.2,6.6,93,52,77,3.0,1.6,Yes,Yes,False,False,False,False,False
1776,Male,17,Some College,10.9,9.0,11.8,56,91,73,2.9,1.8,Yes,Yes,False,False,False,False,False
1777,Male,18,Some College,13.7,8.2,2.9,71,82,51,2.7,2.6,Yes,No,False,False,False,False,False
1778,Male,15,Graduate,9.3,4.7,4.5,95,100,83,3.7,2.3,Yes,Yes,False,False,False,False,False
1779,Male,16,Bachelor's,10.2,6.9,9.9,89,54,98,3.2,7.2,Yes,Yes,False,False,False,False,False
1780,Female,16,Bachelor's,12.1,6.5,6.5,79,71,100,3.3,4.0,Yes,Yes,False,False,False,False,False
1781,Female,16,Graduate,8.4,5.3,1.4,76,55,65,2.6,1.6,Yes,Yes,False,False,False,False,False
1782,Female,16,Some College,8.0,6.8,6.8,66,61,87,2.9,5.1,Yes,No,False,False,False,False,False
1783,Male,15,Some College,2.8,6.7,10.9,60,68,75,2.7,2.4,Yes,Yes,False,False,False,False,False
1784,Male,15,High School,10.0,6.7,13.6,93,61,82,3.1,1.6,Yes,No,False,False,False,False,False
1785,Female,18,Bachelor's,10.0,9.0,2.3,72,67,94,3.1,1.7,No,Yes,False,False,False,False,False
1786,Male,16,Graduate,8.0,7.2,5.6,75,80,85,3.2,1.7,Yes,No,False,False,False,False,False
1787,Male,16,Some College,11.5,6.3,9.1,84,96,69,3.3,0.7,Yes,Yes,False,False,False,False,False
1788,Female,16,Bachelor's,8.3,8.3,3.2,76,84,98,3.4,1.9,Yes,Yes,False,False,False,False,False
1789,Male,17,Bachelor's,11.7,8.6,5.6,82,84,78,3.3,3.7,Yes,Yes,False,False,False,False,False
1790,Female,17,Graduate,8.6,5.9,6.1,97,93,79,3.6,3.3,Yes,No,False,False,False,False,False
1791,Male,16,High School,9.2,6.5,1.9,68,61,98,3.0,8.2,Yes,Yes,False,False,False,False,False
1792,Female,16,High School,14.1,5.5,5.4,100,100,86,3.8,3.2,Yes,No,False,False,False,False,False
1793,Male,15,Bachelor's,8.8,7.4,7.3,95,69,67,3.1,1.7,Yes,No,False,False,False,False,False
1794,Female,18,Graduate,13.8,7.0,6.7,83,63,98,3.3,1.1,No,Yes,False,False,False,False,False
1795,Female,16,High School,10.0,7.9,9.4,60,92,78,3.1,3.0,Yes,No,False,False,False,False,False
1796,Male,15,High School,10.7,7.6,11.3,100,85,75,3.5,0.2,No,Yes,False,False,False,False,False
1797,Male,15,Graduate,11.0,7.3,12.0,88,86,98,3.6,4.1,Yes,No,False,False,False,False,False
1798,Female,15,High School,7.8,7.2,2.3,82,81,76,3.2,0.9,Yes,Yes,False,False,False,False,False
1799,Male,17,Graduate,12.2,7.0,7.2,100,100,100,4.0,2.3,Yes,Yes,False,False,False,False,False
1800,Female,17,Some College,10.6,7.6,7.2,89,79,98,3.5,2.1,No,Yes,False,False,False,False,False
1801,Male,17,Bachelor's,7.9,6.4,10.4,60,84,81,3.0,4.3,Yes,No,False,False,False,False,False
1802,Female,18,Graduate,12.3,7.0,8.0,90,69,72,3.1,3.7,No,Yes,False,False,False,False,False
1803,Female,15,Some College,10.7,5.9,3.1,85,78,66,3.1,4.9,No,Yes,False,False,False,False,False
1804,Female,18,Graduate,11.0,7.1,4.9,97,83,79,3.5,0.7,Yes,No,False,False,False,False,False
1805,Female,15,High School,10.2,6.8,4.9,89,92,91,3.6,1.9,Yes,No,False,False,False,False,False
1806,Female,15,Bachelor's,10.3,7.2,5.3,86,68,72,3.0,3.9,Yes,No,False,False,False,False,False
1807,Female,16,Graduate,4.0,6.5,5.6,59,100,97,3.4,1.3,Yes,Yes,False,False,False,False,False
1808,Male,17,Some College,9.5,7.0,9.9,72,83,69,3.0,10.2,Yes,Yes,False,False,False,False,False
1809,Female,16,High School,8.7,7.0,3.9,40,71,85,2.6,2.6,Yes,No,False,False,False,False,False
1810,Female,18,Bachelor's,10.3,7.0,2.9,100,53,67,2.9,5.3,Yes,No,False,False,False,False,False
1811,Female,15,Some College,10.0,7.0,3.3,95,81,70,3.3,8.0,Yes,Yes,False,False,False,False,False
1812,Female,18,Some College,1.0,6.8,3.7,59,73,59,2.5,0.8,No,Yes,False,False,False,False,False
1813,Female,16,Some College,9.6,7.3,6.5,90,88,71,3.3,1.1,Yes,Yes,False,False,False,False,False
1814,Male,15,Some College,8.2,6.8,3.4,81,55,64,2.7,4.3,Yes,No,False,False,False,False,False
1815,Female,15,Bachelor's,5.7,7.5,4.0,64,58,98,2.9,2.9,Yes,Yes,False,False,False,False,False
1816,Female,16,High School,9.8,6.2,1.3,74,72,52,2.6,4.4,No,Yes,False,False,False,False,False
1817,Female,18,High School,13.4,5.4,10.2,83,81,77,3.2,5.7,Yes,Yes,False,False,False,False,False
1818,Female,16,High School,13.7,7.0,6.5,68,100,78,3.3,4.1,Yes,Yes,False,False,False,False,False
1819,Female,17,Some College,9.0,6.7,7.6,62,78,76,2.9,9.3,Yes,Yes,False,False,False,False,False
1820,Male,16,Graduate,6.9,7.0,5.1,89,83,81,3.4,3.5,Yes,Yes,False,False,False,False,False
1821,Male,16,Some College,9.6,6.7,5.8,88,86,82,3.4,1.9,No,Yes,False,False,False,False,False
1822,Male,16,Bachelor's,6.3,7.1,0.8,81,92,87,3.5,1.6,Yes,Yes,False,False,False,False,False
1823,Male,17,Bachelor's,11.0,5.6,4.9,70,100,93,3.5,1.7,Yes,Yes,False,False,False,False,False
1824,Female,15,Bachelor's,10.0,6.5,0.2,45,79,75,2.7,5.9,Yes,No,False,False,False,False,False
1825,Male,17,Some College,9.0,7.4,9.8,70,77,71,2.9,8.1,Yes,No,False,False,False,False,False
1826,Female,16,Some College,8.4,5.7,6.3,73,77,79,3.1,5.4,Yes,No,False,False,False,False,False
1827,Female,16,High School,12.8,8.2,6.1,83,82,93,3.4,3.2,Yes,Yes,False,False,False,False,False
1828,Female,17,Some College,13.2,5.3,7.4,66,64,100,3.1,7.5,Yes,No,False,False,False,False,False
1829,Female,15,Some College,11.9,7.3,10.7,96,82,74,3.4,4.9,Yes,Yes,False,False,False,False,False
1830,Female,17,Graduate,10.5,8.0,8.9,72,95,70,3.2,4.3,No,Yes,False,False,False,False,False
1831,Female,18,High School,9.0,6.9,7.5,58,83,92,3.1,3.1,Yes,No,False,False,False,False,False
1832,Male,17,Some College,9.0,7.3,7.9,95,88,60,3.2,5.3,Yes,Yes,False,False,False,False,False
1833,Male,17,High School,13.4,8.3,3.7,68,77,75,2.9,4.2,Yes,Yes,False,False,False,False,False
1834,Female,15,Bachelor's,8.7,6.6,8.5,90,70,63,3.0,15.4,Yes,No,False,False,False,False,False
1835,Female,17,Graduate,12.2,6.8,8.2,100,89,100,3.9,0.7,Yes,Yes,False,False,False,False,False
1836,Female,18,Bachelor's,10.0,8.3,5.8,91,97,75,3.5,1.9,Yes,Yes,False,False,False,False,False
1837,Male,15,High School,12.1,6.3,6.7,85,55,89,3.1,1.6,Yes,No,False,False,False,False,False
1838,Female,15,High School,12.2,7.0,3.7,100,82,81,3.5,2.5,Yes,Yes,False,False,False,False,False
1839,Female,16,High School,17.2,8.9,8.2,87,88,99,3.7,7.2,Yes,No,False,False,False,False,False
1840,Female,15,Some College,8.6,8.1,5.3,87,89,84,3.5,7.9,Yes,Yes,False,False,False,False,False
1841,Male,16,Some College,8.8,7.2,3.9,90,80,81,3.3,2.0,Yes,Yes,False,False,False,False,False
1842,Female,17,Some College,13.0,7.7,7.1,100,80,100,3.7,5.4,Yes,Yes,False,False,False,False,False
1843,Female,16,High School,10.0,8.2,8.1,70,75,86,3.1,1.5,Yes,Yes,False,False,False,False,False
1844,Female,17,Bachelor's,11.0,8.4,7.6,81,94,83,3.4,9.2,Yes,No,False,False,False,False,False
1845,Male,17,Graduate,9.7,5.6,6.7,69,100,95,3.5,3.6,Yes,Yes,False,False,False,False,False
1846,Female,16,Bachelor's,7.5,7.9,12.8,61,84,89,3.1,5.6,Yes,No,False,False,False,False,False
1847,Female,16,Bachelor's,8.8,7.0,4.6,83,70,86,3.2,0.7,No,Yes,False,False,False,False,False
1848,Female,16,Graduate,10.0,9.0,5.7,95,85,85,3.5,2.4,No,No,False,False,False,False,False
1849,Male,18,Graduate,8.3,6.0,8.9,100,90,88,3.7,4.1,Yes,Yes,False,False,False,False,False
1850,Male,17,High School,13.9,6.4,12.9,72,99,95,3.5,0.5,Yes,Yes,False,False,False,False,False
1851,Male,16,High School,8.1,7.3,10.2,79,70,68,2.9,5.7,No,Yes,False,False,False,False,False
1852,Female,16,High School,9.6,7.9,5.9,84,59,83,3.0,3.0,Yes,No,False,False,False,False,False
1853,Male,16,High School,10.0,8.0,8.1,67,67,77,2.8,3.3,Yes,Yes,False,False,False,False,False
1854,Female,17,Some College,11.0,6.2,2.8,82,95,71,3.3,3.9,Yes,Yes,False,False,False,False,False
1855,Female,16,Graduate,8.4,7.2,7.5,76,88,96,3.5,4.5,Yes,No,False,False,False,False,False
1856,Male,15,Some College,8.3,6.6,0.0,55,79,84,2.9,0.8,Yes,Yes,False,False,False,False,False
1857,Male,16,Some College,9.6,8.7,11.3,65,62,80,2.8,5.5,Yes,No,False,False,False,False,False
1858,Male,16,High School,12.4,6.5,7.1,83,59,58,2.7,1.1,Yes,Yes,False,False,False,False,False
1859,Male,16,High School,10.0,8.4,0.2,71,84,73,3.0,1.1,Yes,Yes,False,False,False,False,False
1860,Male,17,High School,8.7,6.4,7.8,83,87,73,3.2,2.5,Yes,No,False,False,False,False,False
1861,Female,16,High School,7.5,5.4,6.7,73,85,84,3.2,5.9,Yes,Yes,False,False,False,False,False
1862,Male,16,Some College,12.1,6.7,0.9,85,87,84,3.4,2.2,Yes,Yes,False,False,False,False,False
1863,Female,17,High School,8.1,6.4,7.7,98,85,87,3.6,1.1,Yes,Yes,False,False,False,False,False
1864,Female,18,Graduate,12.8,6.2,4.9,85,80,96,3.5,7.6,Yes,Yes,False,False,False,False,False
1865,Male,18,Bachelor's,10.0,7.0,9.0,74,80,82,3.1,6.7,Yes,No,False,False,False,False,False
1866,Female,15,Graduate,14.1,9.1,1.5,100,78,87,3.5,1.2,No,No,False,False,False,False,False
1867,Female,18,High School,8.7,5.1,5.2,77,74,62,2.8,2.0,Yes,Yes,False,False,False,False,False
1868,Female,15,Some College,8.2,6.1,3.2,74,78,100,3.4,1.8,Yes,Yes,False,False,False,False,False
1869,Male,17,Bachelor's,5.6,8.2,3.1,79,85,90,3.4,0.7,No,Yes,False,False,False,False,False
1870,Female,15,Some College,13.7,8.6,7.9,74,74,67,2.9,10.3,Yes,No,False,False,False,False,False
1871,Male,15,Bachelor's,5.8,4.9,0.0,79,55,89,3.0,1.4,Yes,No,False,False,False,False,False
1872,Female,18,Some College,10.1,6.7,7.6,100,81,85,3.5,2.1,Yes,No,False,False,False,False,False
1873,Male,16,Graduate,10.9,6.7,5.0,69,86,81,3.1,9.2,Yes,Yes,False,False,False,False,False
1874,Female,16,Some College,13.7,7.6,7.6,59,91,77,3.0,13.1,Yes,No,False,False,False,False,False
1875,Male,15,Some College,12.1,6.9,11.3,48,87,85,2.9,0.6,Yes,No,False,False,False,False,False
1876,Female,15,Bachelor's,12.7,7.6,2.5,74,75,96,3.3,2.0,Yes,Yes,False,False,False,False,False
1877,Male,16,Some College,14.0,7.0,7.8,84,66,82,3.1,11.0,Yes,No,False,False,False,False,False
1878,Female,18,High School,11.8,6.0,4.6,78,58,71,2.8,2.7,Yes,No,False,False,False,False,False
1879,Male,17,Bachelor's,4.0,7.5,6.1,76,61,78,2.9,1.4,Yes,No,False,False,False,False,False
1880,Female,16,Graduate,5.2,9.1,9.6,52,73,83,2.8,10.2,Yes,No,False,False,False,False,False
1881,Female,16,High School,10.0,6.5,8.1,73,66,83,3.0,4.9,Yes,Yes,False,False,False,False,False
1882,Male,16,Some College,8.6,7.8,8.8,94,70,71,3.1,1.0,Yes,No,False,False,False,False,False
1883,Male,18,Some College,5.7,8.2,6.5,69,75,84,3.0,1.4,Yes,Yes,False,False,False,False,False
1884,Male,16,High School,19.2,7.0,10.3,67,100,93,3.5,2.4,Yes,Yes,False,False,False,False,False
1885,Male,16,Some College,9.0,6.6,4.4,80,86,63,3.1,1.5,Yes,Yes,False,False,False,False,False
1886,Female,17,High School,11.2,7.3,5.1,65,64,79,2.8,7.0,Yes,No,False,False,False,False,False
1887,Male,16,Bachelor's,7.6,7.5,6.2,78,100,77,3.4,1.3,Yes,Yes,False,False,False,False,False
1888,Female,18,Graduate,9.4,6.5,7.5,90,85,91,3.5,3.4,Yes,Yes,False,False,False,False,False
1889,Female,16,Some College,13.4,7.0,3.0,73,95,47,2.9,4.7,No,Yes,False,False,False,False,False
1890,Male,17,High School,8.1,7.0,2.3,49,54,73,2.3,1.9,Yes,Yes,False,False,False,False,False
1891,Male,18,Bachelor's,11.9,6.4,2.5,35,74,85,2.6,6.1,Yes,No,False,True,False,False,False
1892,Female,16,Some College,8.1,8.3,5.4,60,59,72,2.5,2.7,Yes,Yes,False,False,False,False,False
1893,Male,15,Some College,9.2,7.0,4.6,78,99,88,3.5,3.9,No,No,False,False,False,False,False
1894,Female,17,High School,12.1,5.4,7.5,54,75,71,2.7,20.0,Yes,Yes,False,False,False,False,False
1895,Male,17,High School,4.7,5.9,4.1,83,84,80,3.3,4.0,Yes,Yes,False,False,False,False,False
1896,Female,16,High School,12.3,7.1,6.3,93,83,99,3.7,2.1,No,No,False,False,False,False,False
1897,Female,15,Graduate,13.0,5.4,1.2,100,84,89,3.6,4.3,Yes,Yes,False,False,False,False,False
1898,Female,16,Some College,10.1,5.9,4.5,66,97,100,3.5,1.7,Yes,Yes,False,False,False,False,False
1899,Male,16,Some College,10.0,7.0,5.7,100,77,94,3.6,1.8,Yes,Yes,False,False,False,False,False
1900,Female,16,Graduate,10.2,7.7,3.2,91,100,77,3.6,4.4,Yes,Yes,False,False,False,False,False
1901,Male,16,Some College,8.2,7.9,4.3,84,75,76,3.1,5.1,Yes,No,False,False,False,False,False
1902,Male,17,Some College,3.3,7.3,2.5,82,38,69,2.5,1.2,Yes,Yes,False,False,True,False,False
1903,Male,18,Some College,10.6,8.6,8.8,82,47,64,2.6,9.9,Yes,Yes,False,False,False,False,False
1904,Female,16,Graduate,13.7,8.9,5.4,100,90,98,3.8,8.1,Yes,Yes,False,False,False,False,False
1905,Female,17,Some College,12.3,6.7,4.7,100,71,93,3.5,2.1,Yes,Yes,False,False,False,False,False
1906,Female,16,High School,9.9,8.0,5.6,57,80,97,3.1,11.6,Yes,Yes,False,False,False,False,False
1907,Female,17,Some College,15.1,7.2,4.3,100,82,100,3.8,2.1,No,Yes,False,False,False,False,False
1908,Female,16,High School,11.4,7.0,6.0,100,86,80,3.5,2.5,Yes,Yes,False,False,False,False,False
1909,Female,17,Some College,8.2,6.5,12.4,68,92,98,3.4,9.6,Yes,Yes,False,False,False,False,False
1910,Male,15,Graduate,10.0,9.6,7.4,49,86,98,3.1,2.0,Yes,No,False,False,False,False,False
1911,Male,15,Bachelor's,8.8,7.1,0.9,80,68,87,3.1,3.6,Yes,No,False,False,False,False,False
1912,Male,17,Graduate,6.3,4.8,9.3,100,82,66,3.3,1.4,Yes,No,False,False,False,False,False
1913,Female,16,High School,12.0,6.7,5.2,63,92,97,3.4,4.2,Yes,Yes,False,False,False,False,False
1914,Female,18,Bachelor's,8.0,6.8,1.6,61,86,80,3.0,6.1,No,Yes,False,False,False,False,False
1915,Male,17,Bachelor's,10.4,7.4,3.7,78,77,100,3.4,4.3,No,No,False,False,False,False,False
1916,Female,16,Bachelor's,8.9,9.6,8.9,56,100,78,3.1,6.9,Yes,No,False,False,False,False,False
1917,Male,18,Some College,13.1,7.0,3.7,60,62,72,2.6,5.6,No,Yes,False,False,False,False,False
1918,Female,16,High School,5.5,6.5,7.3,82,62,90,3.1,2.6,Yes,No,False,False,False,False,False
1919,Female,16,Graduate,13.8,7.0,0.0,100,78,79,3.4,3.4,Yes,No,False,False,False,False,False
1920,Male,18,High School,11.7,5.7,9.5,86,68,82,3.1,3.1,Yes,Yes,False,False,False,False,False
1921,Female,17,Some College,10.1,7.2,9.4,84,89,79,3.4,2.7,Yes,No,False,False,False,False,False
1922,Female,16,High School,7.7,6.9,11.5,78,55,75,2.8,5.5,Yes,No,False,False,False,False,False
1923,Male,17,High School,9.4,7.0,2.3,72,88,76,3.1,6.2,Yes,Yes,False,False,False,False,False
1924,Female,18,Bachelor's,11.3,7.6,9.2,74,74,98,3.3,1.7,Yes,Yes,False,False,False,False,False
1925,Male,16,High School,11.7,8.1,10.5,83,93,71,3.3,1.9,Yes,No,False,False,False,False,False
1926,Male,15,Bachelor's,9.5,6.4,10.7,100,78,78,3.4,3.1,Yes,Yes,False,False,False,False,False
1927,Female,15,Bachelor's,3.6,7.3,5.0,58,70,79,2.8,2.0,No,No,False,False,False,False,False
1928,Male,17,Bachelor's,10.4,6.5,8.3,70,99,66,3.1,1.4,Yes,Yes,False,False,False,False,False
1929,Male,16,Bachelor's,9.4,6.5,6.4,84,92,82,3.4,5.6,Yes,No,False,False,False,False,False
1930,Male,17,Some College,12.7,5.8,6.0,88,85,88,3.5,2.6,Yes,No,False,False,False,False,False
1931,Male,15,High School,10.0,7.4,8.3,73,66,67,2.7,2.1,Yes,No,False,False,False,False,False
1932,Female,16,Some College,4.4,6.9,8.0,86,62,86,3.1,2.4,Yes,Yes,False,False,False,False,False
1933,Female,16,High School,7.1,7.0,7.4,66,61,77,2.7,2.9,Yes,Yes,False,False,False,False,False
1934,Male,17,Graduate,11.9,7.3,2.9,99,100,84,3.8,0.3,Yes,Yes,False,False,False,False,False
1935,Female,16,High School,5.6,6.9,2.6,92,79,60,3.1,4.3,Yes,No,False,False,False,False,False
1936,Female,17,Bachelor's,8.6,7.2,1.3,90,83,79,3.4,1.2,Yes,Yes,False,False,False,False,False
1937,Male,16,Some College,9.4,7.0,5.1,59,96,72,3.0,6.3,Yes,Yes,False,False,False,False,False
1938,Male,15,High School,9.1,6.4,7.0,70,78,84,3.1,2.4,Yes,No,False,False,False,False,False
1939,Female,16,Graduate,8.1,7.3,8.8,88,82,91,3.5,3.2,Yes,No,False,False,False,False,False
1940,Female,15,Graduate,14.9,5.1,2.6,89,100,97,3.8,3.6,Yes,Yes,False,False,False,False,False
1941,Female,15,Some College,9.3,6.8,4.5,98,98,95,3.9,2.4,Yes,Yes,False,False,False,False,False
1942,Male,18,High School,7.3,6.1,6.2,72,83,70,3.0,1.1,No,Yes,False,False,False,False,False
1943,Male,17,Bachelor's,11.5,7.2,6.0,93,100,100,3.9,0.8,No,No,False,False,False,False,False
1944,Male,16,Bachelor's,10.0,5.3,3.1,91,55,87,3.1,0.6,Yes,No,False,False,False,False,False
1945,Male,16,High School,9.0,6.6,2.6,80,52,57,2.5,5.1,No,No,False,False,False,False,False
1946,Female,15,Bachelor's,4.5,4.5,9.1,74,80,72,3.0,2.2,Yes,No,False,False,False,False,False
1947,Female,16,High School,7.5,6.9,7.5,97,70,94,3.5,3.7,No,Yes,False,False,False,False,False
1948,Female,18,Some College,10.0,8.5,5.5,62,69,67,2.6,5.7,No,Yes,False,False,False,False,False
1949,Female,18,Bachelor's,2.7,7.9,1.4,75,59,58,2.6,6.0,Yes,No,False,False,False,False,False
1950,Female,15,Bachelor's,9.5,7.1,5.4,91,63,68,3.0,6.6,Yes,Yes,False,False,False,False,False
1951,Female,15,Bachelor's,11.3,6.8,3.5,93,77,81,3.3,1.6,Yes,Yes,False,False,False,False,False
1952,Male,17,High School,11.8,7.7,6.8,59,49,73,2.4,9.1,Yes,Yes,False,False,False,False,False
1953,Male,16,Some College,3.7,5.6,7.9,56,62,63,2.4,0.4,Yes,No,False,False,False,False,False
1954,Female,16,Graduate,15.0,8.5,3.7,95,91,100,3.8,0.7,Yes,Yes,False,False,False,False,False
1955,Male,17,Bachelor's,9.0,5.8,9.2,71,92,83,3.3,6.5,No,No,False,False,False,False,False
1956,Female,18,Some College,16.8,7.2,10.0,88,88,84,3.5,1.0,Yes,Yes,False,False,False,False,False
1957,Male,16,High School,11.2,6.5,7.6,73,89,99,3.5,8.3,Yes,No,False,False,False,False,False
1958,Male,16,High School,16.7,5.7,9.7,74,83,97,3.4,12.1,Yes,Yes,False,False,False,False,False
1959,Male,17,Some College,14.0,5.8,8.2,94,86,86,3.5,1.0,Yes,Yes,False,False,False,False,False
1960,Female,15,Bachelor's,12.2,7.7,3.8,92,75,91,3.4,4.1,Yes,No,False,False,False,False,False
1961,Male,16,Bachelor's,7.7,6.7,9.8,72,76,73,2.9,3.4,No,Yes,False,False,False,False,False
1962,Female,16,Some College,12.9,7.0,4.4,75,82,99,3.4,3.5,Yes,No,False,False,False,False,False
1963,Male,17,High School,9.0,6.8,5.6,55,68,83,2.7,5.6,No,No,False,False,False,False,False
1964,Female,16,Some College,10.0,6.5,10.5,83,94,100,3.7,0.5,Yes,Yes,False,False,False,False,False
1965,Female,17,Some College,12.0,7.4,10.0,100,100,85,3.8,1.1,Yes,Yes,False,False,False,False,False
1966,Female,16,Some College,10.7,7.8,5.2,83,83,99,3.5,1.7,Yes,No,False,False,False,False,False
1967,Female,16,Bachelor's,12.5,8.4,4.6,100,90,84,3.7,2.7,Yes,Yes,False,False,False,False,False
1968,Male,15,Bachelor's,3.8,7.0,9.8,75,94,71,3.2,0.9,Yes,Yes,False,False,False,False,False
1969,Male,16,Graduate,9.4,6.7,6.4,56,88,96,3.2,9.2,No,Yes,False,False,False,False,False
1970,Male,17,High School,13.4,6.0,11.1,67,76,64,2.8,2.9,Yes,No,False,False,False,False,False
1971,Female,17,Bachelor's,8.2,7.4,3.6,54,91,79,3.0,6.7,Yes,No,False,False,False,False,False
1972,Male,17,Some College,12.0,8.0,1.3,92,85,90,3.6,0.8,Yes,No,False,False,False,False,False
1973,Female,15,Some College,8.3,7.7,7.0,87,65,96,3.3,3.0,Yes,No,False,False,False,False,False
1974,Female,17,Bachelor's,10.4,7.5,6.5,87,71,79,3.2,9.1,No,Yes,False,False,False,False,False
1975,Male,16,High School,11.2,7.3,7.2,90,62,73,3.0,2.9,Yes,Yes,False,False,False,False,False
1976,Female,17,Bachelor's,10.0,8.7,6.6,78,77,79,3.1,2.8,Yes,Yes,False,False,False,False,False
1977,Female,18,Some College,13.0,8.8,2.4,100,94,56,3.3,3.8,Yes,Yes,False,False,False,False,False
1978,Female,17,Bachelor's,6.3,8.3,11.1,100,76,86,3.5,2.2,Yes,No,False,False,False,False,False
1979,Male,16,Some College,13.9,6.8,7.2,89,76,90,3.4,4.3,Yes,Yes,False,False,False,False,False
1980,Female,15,Graduate,8.0,9.2,3.4,74,77,78,3.1,2.4,Yes,No,False,False,False,False,False
1981,Female,16,Bachelor's,9.2,7.0,3.9,75,74,96,3.3,2.8,Yes,No,False,False,False,False,False
1982,Female,17,Some College,10.4,5.3,5.5,54,78,68,2.7,2.8,Yes,No,False,False,False,False,False
1983,Male,18,Bachelor's,9.2,6.5,8.9,91,77,75,3.2,1.3,Yes,No,False,False,False,False,False
1984,Male,17,High School,8.6,7.0,7.4,80,75,90,3.3,3.2,Yes,Yes,False,False,False,False,False
1985,Male,16,High School,8.4,7.4,4.3,75,68,68,2.8,1.2,Yes,No,False,False,False,False,False
1986,Male,16,Bachelor's,14.8,8.7,8.1,100,100,82,3.8,3.8,Yes,Yes,False,False,False,False,False
1987,Male,17,Bachelor's,10.7,7.0,0.8,96,100,78,3.7,1.1,Yes,Yes,False,False,False,False,False
1988,Female,17,Some College,12.2,6.8,5.9,74,97,89,3.5,3.7,Yes,Yes,False,False,False,False,False
1989,Female,18,Bachelor's,12.3,8.3,7.4,73,88,89,3.3,11.3,Yes,Yes,False,False,False,False,False
1990,Female,17,Bachelor's,11.9,8.4,5.4,73,94,70,3.2,1.9,Yes,No,False,False,False,False,False
1991,Female,18,Some College,16.0,6.9,4.6,96,95,95,3.8,1.8,Yes,No,False,False,False,False,False
1992,Female,17,Some College,8.1,6.7,5.7,88,64,90,3.2,1.9,Yes,No,False,False,False,False,False
1993,Male,16,High School,11.9,6.2,5.0,86,64,76,3.0,7.5,Yes,Yes,False,False,False,False,False
1994,Female,17,Some College,9.1,6.1,3.9,74,76,79,3.1,4.4,Yes,Yes,False,False,False,False,False
1995,Female,17,Bachelor's,10.6,9.0,5.9,87,64,88,3.2,8.0,No,Yes,False,False,False,False,False
1996,Female,15,Bachelor's,11.2,8.4,8.7,89,100,93,3.8,4.1,Yes,No,False,False,False,False,False
1997,Male,17,Bachelor's,7.7,6.6,11.3,99,90,72,3.5,2.5,Yes,Yes,False,False,False,False,False
1998,Male,17,Some College,9.2,7.8,9.0,75,90,69,3.1,9.8,Yes,Yes,False,False,False,False,False
1999,Male,18,Some College,8.9,6.2,5.3,89,73,73,3.1,1.8,Yes,Yes,False,False,False,False,False
2000,Female,16,High School,11.6,7.3,8.0,77,81,39,2.6,4.0,Yes,No,False,False,False,True,False
